,ID,ProfileID
0,0,emmabobaekong
1,1,jinwoo-kang-097b0977
2,2,suzannesoojungbae
3,3,hayliekim
4,4,angeline-peng
5,5,ieum-han-365533b4
6,6,jihye-park-5283a6135
7,7,kellyyeonjikim1027
8,8,aneceahn
9,9,shelbykim
10,10,reywon
11,11,sadie-park-572a84132
12,12,joy-han-601b7910b
13,13,michelle-shen
14,14,ziyilu
15,15,kuangamy
16,16,hayley-kim-322a33108
17,17,heather-huh
18,18,sujin-lee-437a52a4
19,19,jiaxuan-han
20,20,john-paul-jones-493b8459
21,21,minoh0224
22,22,yuying-q-689228125
23,23,dianeseo
24,24,amyyeung11
25,25,mmwei
26,26,hanqing-carol-jiang-092530119
27,27,meiying-li-b5708340
28,28,runqi-vanessa-fan
29,29,anna-kang-44213491
30,30,heejin-helene-kim-2bab894b
31,31,yerikim0207
32,32,sangji-lee-58766ba2
33,33,crystal-ye-708044b4
34,34,hbko1009
35,35,mandy-chan
36,36,hyesun-kong-0a4292b2
37,37,cateliu
38,38,scarlett-kim-b32202b6
39,39,chaewon-moon-49b18580
40,40,jeanyoon1103
41,41,changfu-sun-87b259140
42,42,kayla-ming-742029103
43,43,subin-kwon-92a4a6105
44,44,christie-s-wang
45,45,yeseul-jessica-park-0979b2117
46,46,koolhun17
47,47,cathy-gong-cfa
48,48,ji-l-775960139
49,49,ele-hagermoser
50,50,avaz-dadgar-9140bb90
51,51,sang-park-9161516b
52,52,shirleyguo1
53,53,annanohyoo
54,54,jiyoungkim0307
55,55,jisoo-lee-10520249
56,56,jiangxinzhe
57,57,jeanne-hou
58,58,woochanlee
59,59,kathy-kim-96a44184
60,60,mjkarukim
61,61,ge-wang-084627a1
62,62,wai-h-1a046943
63,63,lmj4841
64,64,jangsea-park-627a7933
65,65,lu-tico-han
66,66,dan-ah-kim-5785b8ba
67,67,shelby-allen-469366116
68,68,josepmaria-palli-mato-454626183
69,69,daniel-chung-b46943177
70,70,charleskorn
71,71,cherinkim13
72,72,hylinn
73,73,sarahsrsong
74,74,starryzhou
75,75,jasmine-hsu
76,76,heejin-kim-1568a365
77,77,thomaswjkim
78,78,jeremy-hsueh-219731109
79,79,alivelshi
80,80,christinehakyungkim
81,81,emilyyukyungchoi
82,82,maggie-lin-3b9266135
83,83,yinghan-liu
84,84,yc-park
85,85,michellechang168
86,86,joley-schneider-1289b6138
87,87,jennyhnam
88,88,youngahy
89,89,lma1230
90,90,dana-lee-b97903126
91,91,minji09
92,92,tanayrabanks
93,93,seohyun-susie-joh-b974b647
94,94,regina-mitter-257b7040
95,95,trangng29
96,96,jae-jun-kim-769b5ba7
97,97,william-pemberton-0b0357122
98,98,joy-lynn-ocbina-032517108
99,99,chae-ryu-789835167
100,100,crossjessica
101,101,lisawedsjo
102,102,anastasia-n-b5541064
103,103,tianzi-wang-3618a771
104,104,nan-ma-chia-51815463
105,105,matthew-lee-59083475
106,106,christine-kim-648445155
107,107,ariel-hsing-10940b99
108,108,gloriadchoi
109,109,nikkichang
110,110,hanling-hedy-yang-78313515b
111,111,jaeo-han-97a53b97
112,112,julie-xiao-53670b86
113,113,vibhav-kapnadak-b594762
114,114,mackbayda
115,115,yifan-sindy-wang
116,116,kevinhwang1
117,117,ziyizou
118,118,jenna-ortberg
119,119,hysim92
120,120,richard-botting-2142833b
121,121,deepdheri
122,122,jenny-sale-584b4055
123,123,hellonicolekim
124,124,hemanth-devavarapu
125,125,rossbarlow
126,126,arumpark
127,127,janice-zhang-826b2453
128,128,sydney-sachs-463983122
129,129,peter-g-schmitz
130,130,jamierachaecarter
131,131,evan-axelrod-863566b0
132,132,isabel-taylor-510847101
133,133,isaiah-barhoum-989b9383
134,134,anchalgupta1990
135,135,maxwellmoilanen
136,136,tessa-savakus-0278511a
137,137,dediu
138,138,wlederer
139,139,bradleygoodine
140,140,sarahwood313
141,141,kaicash
142,142,jaehee-song-b223002
143,143,daniel-o-5079b240
144,144,kaitlynbaughman
145,145,jesserayrascon
146,146,errol-parker-76780a157
147,147,briansolis
148,148,samantha-cohen-b48326101
149,149,thompson96
150,150,hsiehtingyao
151,151,nikhiljois
152,152,xuan-sabrina-hu-5a0a3b5a
153,153,kimvalcala
154,154,qi-monika-meng
155,155,leopold-w-kisob-a9a114101
156,156,snehalbc
157,157,anna-auerbach
158,158,ryan-schlick-484574b0
159,159,dikyinpong
160,160,peyton-anderson-1b9a4398
161,161,harinipremnath
162,162,quan-tran-32974442
163,163,nancy-grove-146b88ab
164,164,paolaaortiz
165,165,aditya-raj-shahi-a1982312
166,166,cathy-ding-992645b6
167,167,changxuan-liu-purduebusinessanalytics
168,168,judykam
169,169,julia-langenegger
170,170,diana-du
171,171,kt-son-777596138
172,172,jialin-seanna-yang
173,173,raphael-son-cfa-cpa-29a77763
174,174,catherine-huang-544718119
175,175,nataliejjin
176,176,alicia-k
177,177,kelseypian
178,178,scarlett-hsu
179,179,yiwen-du-78a808149
180,180,yunnie-lim-68758b109
181,181,yichun-wang-555b38a5
182,182,vivianhy
183,183,amy-kim-927582108
184,184,yezi-willow-liu-26879590
185,185,pinxuan-lin-zoey
186,186,lily-xing-04560b63
187,187,brammy-geduld-397563125
188,188,eujung
189,189,aaronjhkim
190,190,ruoxili-558083a1
191,191,lucy-pless-482082156
192,192,lindsaymarano
193,193,jennythanhvu
194,194,charlotte-griffin
195,195,hyoyoungbae
196,196,stella-s-kim
197,197,seo-yeon-amy-kim
198,198,zi-y-8008880
199,199,sandyehcho
200,200,wenhsin-lin
201,201,nina-bachich-b1051315a
202,202,yi-evelyn-ding-8ab672130
203,203,evelynduan
204,204,yanyu-xu-49532bb1
205,205,josephsukjaehan
206,206,erindierker
207,207,jenny-w-247b305a
208,208,franciscoostolaza
209,209,yisongcheryl
210,210,duan-liu-308b0229
211,211,v-s-manu-31a38760
212,212,annabelle-li-a4717768
213,213,tiffany-lu
214,214,hannah-park-91759389
215,215,sophiehyunjulee
216,216,angela-yoon-827a73a3
217,217,xiao-tong%EF%BC%88caroline%EF%BC%89-0b6826101
218,218,tien-nguyen-196ba7101
219,219,soohyunlee
220,220,dollyyu
221,221,ye-ri-lee-1102a5138
222,222,nayeon-kim-b7149a11b
223,223,wonseok-choi-39906a3
224,224,fangzheng-skyler-hu-jhu-xmu
225,225,graceyoo1018
226,226,kyriakipapadimitriou
227,227,audrey-eoni-eom-7a136b109
228,228,catherine-smith-kern-mba-937a2571
229,229,nancy-guo
230,230,feijun-tan
231,231,haejung-han-30195a4
232,232,yiyueli
233,233,xuan-huang-thea
234,234,helendongyiqi
235,235,stella-seon-mi-kim-9799913b
236,236,daniellexzhou
237,237,neil-shah-3240b7a5
238,238,zoe-scheiber
239,239,lisa-d-sheldon
240,240,sanghyunpark1995
241,241,daejinchoi
242,242,li-linda
243,243,xiaojun-yao
244,244,seulki-ria-choi-asa-maaa-fiak-4a124b44
245,245,anamahsani
246,246,jackowalz
247,247,anniekim1227
248,248,yunshuashleygao
249,249,rachel-sun-47125013b
250,250,joy-son
251,251,tammyliao
252,252,yang-yang-7b36a6142
253,253,serena-chen-
254,254,yvonnezcy
255,255,michelle-jihae-kim
256,256,nathan-frazee-547791a4
257,257,isabella-shengyuan-cao-35947a133
258,258,yi-yvonne-zhong-190a96156
259,259,jimin-yoo-36768a12a
260,260,samyukta-sanju-anne-3a1a01122
261,261,grace-yxt678
262,262,graycecampbell
263,263,christinasur
264,264,cathy-huang-849164a7
265,265,emiluna
266,266,michael-ortez-0924486
267,267,zhuoyan-zhang-24b85939
268,268,amata-lee
269,269,olga-estella-rosiles-b1579b22
270,270,mahekmodi
271,271,leyi-hu-b8bb57104
272,272,anissa-velez-b3726588
273,273,julie-ramirez-7b9921126
274,274,colleen-yixuan-qiu
275,275,kyungmincho
276,276,lucyli
277,277,shirley-zhang-764946129
278,278,rosanaanchondo
279,279,greg-tarvin
280,280,arianavandyck
281,281,esther-kang-b796002
282,282,kennethajohnson1
283,283,aishuchandrakanthan
284,284,alexa-perrucci-a24a10a6
285,285,tony-jm-oh
286,286,marina-bader-67b1b7124
287,287,isabella-delgado-84a04185
288,288,ruyi-ruby-shi-732940b8
289,289,kyra-visnick-56b3aa8b
290,290,akeembailey
291,291,tahaziaee
292,292,michellejiwonkim
293,293,bersin
294,294,adam-kim-273540b2
295,295,gwen-tilghman-15038b19
296,296,ruoxi-li
297,297,winney-lee-b2a286b3
298,298,ajshope
299,299,weiligeng
300,300,erickmagloire
301,301,zack-hoffman-021923103
302,302,stephenyoonnyc
303,303,avery-blum
304,304,kimberly-fischer-647877b1
305,305,andrew-denoble-632170ba
306,306,tanyalutz
307,307,abe-yamamoto-83b193137
308,308,priyanka-baxi
309,309,clay-bales-82a577100
310,310,jeff-marshall-91401ba5
311,311,lauren-poole-98437194
312,312,danielagcaoili
313,313,christie-s-7a681338
314,314,jingliong
315,315,juvenal-gomez-58504466
316,316,jessecolombo
317,317,danielleschwab
318,318,jillonmoney
319,319,kkibler
320,320,manuel-agustin-962a97b0
321,321,toan-nguyen-11b98125
322,322,josephkfrancis
323,323,stevanie-kanter
324,324,adam-maison-92025b92
325,325,vanessa-elizondo-3455a4b5
326,326,andresanderkleijn
327,327,michael-baudino-431706a2
328,328,maria-zuniga-79b41aa5
329,329,matthew-phillips-39645a87
330,330,sonia-begum
331,331,sominalee
332,332,xinru-cheryl-chen-850793a6
333,333,sherryyouzhang
334,334,sophie-liou
335,335,chuchu-gao-berkeley
336,336,joyce-lu-aa4207120
337,337,jbae-bdml
338,338,jakeryu9
339,339,elizabeth-guterson
340,340,mpudlo
341,341,emily-pullen-25a384b5
342,342,yixuan-huang-260751159
343,343,daodemi
344,344,jingyu-zhang-38709265
345,345,samuel-choe-6b844326
346,346,christabel-narh-806273123
347,347,seeunyim404
348,348,ashleyhong01
349,349,stephanie-heeun-kim
350,350,christine-kim-814760bb
351,351,seungmindavidbaek
352,352,eliza-donohue-a20a10113
353,353,alice-wong-a7a80119
354,354,kaitlynrassi
355,355,yishuo-chen
356,356,jiadijasminezhu
357,357,yuhe-heather-zhu-0771498a
358,358,sungjin-park-86b1049b
359,359,clemence-manzone-0563b69b
360,360,jackiehoenisch
361,361,ginnylu
362,362,litong-zhou-66630616b
363,363,byungchan-l-523b31101
364,364,ygnam
365,365,wanxuan-sonia-shi-03359483
366,366,anthea-ye-734591105
367,367,emma-qianru-zhou
368,368,kristina-loh-aa7417111
369,369,alexander-koo-0a888b76
370,370,blue-thomas-5712243
371,371,eunjisong
372,372,seon-woo-kim-21722854
373,373,christinaaoun
374,374,yiyingruan
375,375,irinisotiri
376,376,gregory-pak
377,377,songchoi118
378,378,karilynnoi
379,379,natalia-han-6b30a394
380,380,nina-graulty-288754108
381,381,jingrucao
382,382,veronica-valdez-1500b333
383,383,woo-jeon
384,384,natiakuprava
385,385,avery-singer-85203b102
386,386,janicelee218
387,387,vin-f-baba2aa6
388,388,coco-qi-zheng-7341b17b
389,389,michael-potts-jr-a67648b3
390,390,saumyachughpsu
391,391,kyujinjang
392,392,blake-jenkins-a55a91aa
393,393,xiangxi-song-ted
394,394,addie-bodell-78266093
395,395,seongjae-hong-4a6062ab
396,396,rusudan-sikharulidze-031768b7
397,397,anirudhkopparthy
398,398,julia-lauer-423834137
399,399,yeoniheggem
400,400,ayoosilaja
401,401,emilyrosechen
402,402,sesana-allen-198133ba
403,403,seungyoon-s-683517128
404,404,emily-smith-01435910b
405,405,rosakwak
406,406,ferozqayyum
407,407,lorenzo-masias-410911137
408,408,oscar-adrianzen1993
409,409,haydenkim
410,410,westin-ziegler-22716513b
411,411,lainehamilton
412,412,deeannalgrismore
413,413,andrea-forgione-5a312b45
414,414,eileen-chen-9a367938
415,415,brian-duffy-a0002aa5
416,416,trishabui
417,417,scarletthaodesign
418,418,jenna-kronenfeld-1291a2a7
419,419,kevinhxiong
420,420,taehoon-kim-418506b5
421,421,sunny-wong-38497022
422,422,angelina-tumasova
423,423,vinisha-lingireddy
424,424,nicholas-esoff-01b11598
425,425,vincent-harrison-3424a394
426,426,jason-mcguire-63a124a6
427,427,aubrey-hiebert-4b2955a9
428,428,romita-mazumdar-063777a5
429,429,abattu
430,430,alexandra-turcios-965401b3
431,431,jamesjjyoo
432,432,kimi-ying-tang-0807034a
433,433,cooperklaus
434,434,nicholasannese
435,435,chinmay-pandit-b3b105a9
436,436,sheena-satpute-75887894
437,437,alana-askari
438,438,brendanmcgeary
439,439,raymondgu
440,440,victoria-cheung-b2509275
441,441,syed-w-hussain-7444b870
442,442,morganmuhonen
443,443,nickfratt
444,444,kmbarzdukas
445,445,george-bertsch-3554a896
446,446,npedd
447,447,purvasawant
448,448,chukwuma-umejei-29855b62
449,449,kelvin-k-7bb49386
450,450,galina-jhelyazkova
451,451,%E2%99%A0-%E2%99%A5-buddy-romesburg-%E2%99%A3%E2%99%A6-542342a8
452,452,andrew-trevenen-0577a9b3
453,453,april-thomas-433ba6118
454,454,meghann-bailey-3901299a
455,455,brittany-white
456,456,laraibperacha
457,457,mattie-kim-605726105
458,458,oluseun-john
459,459,david-floyd-a51778
460,460,ryan-barrar-9627714b
461,461,natalie-greenwood-58228a100
462,462,david-hardage-7392b087
463,463,debbie-lei-7539424b
464,464,reginaxu
465,465,hettyhemy
469,469,aysun-ozler-ph-d-4671b122
470,470,abelbantiwalu
471,471,amanda-goldman-6188a0a3
472,472,krishnandivya
474,474,priyavijaypatil
475,475,mengzhen-helen-yuan-98a71649
476,476,mitch-brewe-6289baa5
477,477,obiohaokereke
478,478,laurasim
479,479,bhagyalakshmi-v-s
480,480,mkkwan26
481,481,yutong-maggie-song
482,482,jordandjessen
483,483,thomas-j-stark
484,484,tanya-yadav
485,485,jing-yang
486,486,jamiemwagner
488,488,archana-somasegar-83abb4ab
490,490,isabelswope
492,492,shu-wang-65b1a557
493,493,seth-petee-18029798
496,496,grace0520
497,497,fina-pang-9386a595
498,498,nidhisudhan
500,500,tahereh-kazempour-9b13a6b4
501,501,angela-m-cui-663a3981
503,503,gundeep-singh-80915398
506,506,sean-maier
507,507,ravishask
508,508,ryder-thomas-b4127650
509,509,dianaye
510,510,lchen3170
511,511,manalijoshi16
512,512,jelena-hoffart
513,513,patrycjagorska
514,514,chris-butler-59b0975
515,515,chikimtrinh
516,516,katherine-kim-317388b5
517,517,shyannerender
518,518,melissaeluna
519,519,zofia-romanowicz-a8a72b69
520,520,yashlinkedin
521,521,veronicafabiano
522,522,peteraugustusbruno
523,523,anithavallikunnel
525,525,amandaschmitz1
527,527,uyiuwadiae
528,528,kchloewong
529,529,stklee0
530,530,taylorwalden
531,531,shriyakabade
532,532,kalei
533,533,connor-davis-finley5
534,534,ale-flores
535,535,sierrawi
536,536,roywang1995
537,537,neil-patel-05815483
538,538,jwisness
539,539,waleedzadjali
541,541,sandra-xiaoou-wang-a5593a81
543,543,seanchokshi
544,544,vladislavrudenko
545,545,katia-matora-a701a662
546,546,emzheng
547,547,edith-zhang
549,549,laurie16
550,550,amirali19
551,551,alicesz
552,552,lindsay-smullin-96a02798
553,553,easoncui
554,554,keyveat
557,557,jackbardensmith
558,558,mihikashivkumar
560,560,brianpiscopo
561,561,kriti-bansal-01b6714b
562,562,maya-ramakrishnan-021704167
563,563,teddy-henderson-aa44154b
564,564,natashalim27
565,565,amber-sensen-yang
566,566,ycz-vivian
567,567,wyatt-nelson-4a0bb7159
568,568,carlin-laney
569,569,sakheel
570,570,tian-yuan-liu
571,571,aakriti-suri-09345abb
572,572,jacob-bear-cfa-42455416
574,574,rachelhengesh
575,575,tsewonemelaku
576,576,vanessa-nommensen
577,577,autumn-qiuyuan-huang-92556257
578,578,patelmohit91
581,581,neha5
582,582,tonyburks7
583,583,hayden-nelson-334189101
584,584,lisa-jones-400b1b5
585,585,anthonytaitran
586,586,zeinab-omar-249841162
587,587,karankashyap26
588,588,chloe-y
589,589,caroline-cronin-5a4139118
590,590,kimtran06
592,592,matthewxirinachs
593,593,jaeslee1
594,594,bianca-backman-983309109
595,595,chloedechant
596,596,hewansolomon
597,597,aria-nikkhoui-9192364b
598,598,swati-tyagi-su
599,599,weilu-shirley-xu
600,600,nick-gupta-519310ab
601,601,jimmylee1263
602,602,amber-zihan-chen
603,603,farayanawaz
604,604,saumyajain470
605,605,sebastiandelagala
606,606,manav-bhatia-9ba50111
607,607,carrickscripa
608,608,zachary-dell-a631a554
610,610,camila-solis-camara-351799102
611,611,ap145
612,612,kevinfsu
613,613,anakobal
614,614,niveditabelsare
615,615,darshankataria
616,616,connorkreutz
617,617,natenorton
618,618,christopherbenben
619,619,subodh-jakkula-b477a7b8
621,621,hui-fu-169081117
622,622,sydney-hamburg
623,623,ankita-worlikar-29560084
624,624,anupama-gururaja-rao-a7b22030
625,625,john-andrew-margrave-b5357655
626,626,dhawanridhima
627,627,susylvialiang
628,628,viswas-vanama
629,629,johnrsdunn
630,630,maevemcmahon
631,631,nic-mangialardi-8921b8b0
632,632,sado-mohamoud
633,633,bygonyaweatherford
634,634,christinali12
635,635,gracechen22
636,636,lenaji
637,637,gabrielarguez
638,638,colejmora
639,639,brianyadao
640,640,jordan-hoehne-51440380
641,641,haileysixuanren
642,642,pdupenloup
643,643,caleb-negaard
644,644,yi-zhang-64abbb148
645,645,cheungjames
646,646,ariana-bhatia-b83200a3
647,647,xiaoshuang-wang-985131a0
648,648,pradnya-ambre
649,649,neeti-sawant-58902017
650,650,bridgetkyle
651,651,zeyangwu
653,653,lauren-weinberg-25492b71
654,654,serenaharber
655,655,brandon-neumann-68341374
656,656,eva-s-807403148
657,657,ellen-scully-86011352
658,658,benjamin-honig-0232a9124
659,659,demetri-blackwood-aa827a11a
660,660,lainkawang
661,661,beza-t-kebede-91228b96
663,663,renebystron
664,664,samitha-gillala
665,665,ayushbhargava
667,667,danielle-waldman-0aa70628
668,668,emma-peng-49530161
669,669,katielrooney
670,670,niharika-srivastava
671,671,kojoh-atta
672,672,cherryxingyuchen
673,673,mjmellor
674,674,erik-rood-aa7579195
675,675,pragna-vedanthi
676,676,taylor-craig-aaa31096
677,677,courtney-hollenbeck-73297a8a
678,678,anna-jacobsen-b7b591152
679,679,ameeshachhabra
680,680,ayaka-doki-45048987
681,681,winchelldsouza
682,682,rachelhjkim
683,683,leila-rashtchi
684,684,huizibing
685,685,ericavalimaki
686,686,rothvitoulong
687,687,anne-weingart-b4064299
689,689,ashley-li-cfa-23a57928
690,690,dale-xiaoyue-wang-659716aa
692,692,aryablourchian
693,693,jessmaa
695,695,priankaraha
696,696,raksha-kaverappa
697,697,wangwe
698,698,ali-rae-lundberg
699,699,jonathankang16
701,701,max-thornes-2b987b90
702,702,jack-cahill-913a3bbb
703,703,ajay-shanmugham-07760854
704,704,cwjeong
705,705,cisong72
706,706,sharonkhoo
707,707,yanchun-stanley
708,708,morya-businessanalyst
709,709,lauren-ketterer-959bb7b2
710,710,melody-cheng-4a93b310a
711,711,gdawit
712,712,cristalmcclure
713,713,alison-shim-bb1962bb
714,714,vanijoshi88
715,715,robert-le
716,716,jerusalemkifelew
717,717,stephencho96
718,718,chong-zhang-59846334
719,719,kelsey-yang-ba3b1a8a
720,720,jameswangg
721,721,lisajxiao
722,722,taylor-auman-294152b4
723,723,emilyzhen
724,724,romelsoltero
725,725,fevendebela1997
726,726,songfrances
727,727,dhruveshutd
728,728,chenjiahui-li
729,729,dino-sinnema-7316a6a1
730,730,anmol-shrivastava
731,731,xinlimerage
732,732,christine-kim-86108846
733,733,david-jacobus
734,734,chrisshimer
735,735,maximiliansanders
736,736,adaarinze
737,737,yasmin-bashirova-25740769
738,738,hanscomprix
739,739,ta0721
740,740,saakshi-agarwal-9440311b
741,741,rana-b-7a9391b7
743,743,siahuang
744,744,stephanieclim
745,745,fernandasandoval
746,746,emily-steinbarth-71078aa7
747,747,kyle-pickens-a50721
748,748,zora-liu-599322113
749,749,atulvaidyanathan
750,750,mdagassan
751,751,jscook212
752,752,rahat-kazi
754,754,salam-omar
755,755,vhondamcelroy
756,756,kimberleymcampbell
757,757,nikita-gulati-195b0790
758,758,brycen-campfield-69593493
759,759,joshua-conlan-323310ab
760,760,lucyy
761,761,jeff-mayo-0bba6a32
762,762,thananthornl
763,763,gregory-smith
764,764,nisanth-dheram-728a7933
765,765,christophercave1
766,766,savanvekaria
767,767,chinmayborkar
768,768,mark-smith-b1b4aa107
770,770,namratakapoor16
771,771,sabina-ceric-62ab6526
772,772,abby-doeksen-268719105
773,773,alberto-gonzalez-
774,774,swetasingh12
775,775,kunaal-anand-7ab80617
776,776,arkaprava-kundu-180a89152
777,777,junbinshao
778,778,salma-saidane
780,780,amy-mcivor
781,781,congwang1106
782,782,paige-brindley-17a31bb2
783,783,kennady-bonnallie
784,784,steve-croft-9035b5
786,786,guomengting
787,787,ryann-younker-359456aa
788,788,mengshushao
789,789,aida-sirak-814958158
790,790,bani-randhawa-b74004b2
791,791,mdeguzman827
792,792,sreyassamantula
793,793,dougharenchar
794,794,febengebremichael
795,795,swetha-kilaru-b1220580
796,796,aneesha-nanda
797,797,moriba-touray-4104101a
798,798,raulmcarvalho
799,799,kevin-li-a40845a4
800,800,kevincheberenchick
801,801,jenaybrown
802,802,megankao
803,803,katie-crha-324b5354
804,804,oosmanb
805,805,hannahkim09
806,806,shenxuan-chen-9b7a72b5
807,807,jaya-ramaprasad
808,808,yadavneetu
809,809,kanishkarao
810,810,tsaiwendy
811,811,stephaniecong
812,812,teresaaperez
813,813,sophia-chen-029ab9123
814,814,hilaryfagan
815,815,gregaeisen
816,816,charles-krumholz-%E5%AD%94%E5%B8%B8%E6%80%9D-781907a3
817,817,vincent-jin
818,818,natalie-beth
819,819,isaac-kipust-1765357a
820,820,anjali-singh93
821,821,anagha-bharadwaj
822,822,ethanoak
823,823,connieq
824,824,talihaller
825,825,anna-lombardo-493b56ab
826,826,vj-vesnaver
827,827,amaya-neely
828,828,oscar-avatare
829,829,jingyi-winnie-liu-8327a8101
830,830,sophia-zeng-0240a995
831,831,yinhangjessica
832,832,sriprib
833,833,sowmya-thati-3307768b
834,834,apurvabhoite
835,835,nirupa-konijeti-3b55a6a6
836,836,yili47
838,838,nicolehamaway
839,839,elizabeth-green-511ab1bb
840,840,wadhwaneal
841,841,bondoosbotaoyang
842,842,chase-matthews-a738a3ab
843,843,tinaliu248
844,844,heidi-ahmed
845,845,anna-heflin-94050260
846,846,jordan-sullivan-9754b98a
847,847,keyur-mehta-80761146
848,848,kittyzkwan
849,849,ayushkhaitan
850,850,kevinshwang
851,851,jingyi-fan
852,852,nikitaredij
853,853,julia-sullivan-99034b165
854,854,aaron-tran-14a495b4
855,855,brett-lofthus-a47766a2
856,856,jimmynguyen823
857,857,anastasiakeeney
858,858,leannehwa
859,859,tinasharma90
860,860,jlau21
861,861,jennyfervu
862,862,hayden-reisman-702b17101
863,863,scott-chen-6b132386
864,864,davidboonejr1
865,865,navya-prakash-86b95470
866,866,franchesca-romero-520530a4
867,867,jamestrogers
868,868,kate-casey-48908189
869,869,xiaofuliu
870,870,nievesyang
871,871,shahanujar
872,872,mimi-bourdeaux16432
873,873,james-kass-26a42a105
874,874,changfrederick
875,875,yasmeen-alwani-3b207b136
876,876,shreyajain18
877,877,ankur-somani
878,878,bryan-rodriguez-1a33a277
879,879,nikhildange
880,880,david-patterson-5532874b
881,881,ishansinha123
882,882,mabel-gomes-7074875b
883,883,daniel-paulos
884,884,elaine-liu-35288138
885,885,masonchoy
886,886,sandy-rippel-b05a7a10
887,887,cooper-fry-bb2343b9
888,888,zhuyifei
889,889,lauren-howell-691b9977
890,890,kanika-saggar-cfa-60314b53
891,891,jarett-banks-95597319
893,893,aprilymchang
894,894,aarya-hashimi
895,895,adityatadanki
896,896,fabianmoya
897,897,sahil-khetpal-b21b2924
898,898,neil-wolf-b54224117
900,900,shah-mohammed-77095339
901,901,saaidm
902,902,evan-turman-b7391975
903,903,abraham-lipets
904,904,swati-singhal-data-scientist
905,905,vivianfrederick
906,906,damon-meng-97481317
907,907,williamlittleton
908,908,heejin-choi-510
909,909,qian-kuang-18ab4675
910,910,sichliu
911,911,kooooomar
912,912,egirouar
913,913,murimi-nyamu
914,914,lucy-qu-23532988
915,915,joycelinh
916,916,kirsten-eldridge
917,917,spurthi-pattanshetty-a859bb76
918,918,girijapatil
919,919,alexandriaannebrown
920,920,tangchan
921,921,lingqinghong
922,922,erin-livesey
923,923,matthew-c-mccarthy
924,924,stavros-stavroulakis-91110613a
925,925,andrew-meszaros-32872863
927,927,andrewbrito
928,928,josephcriscuoloiii
929,929,arthpatel10
930,930,kevin-mceneaney-81924590
931,931,kayeyoon
932,932,kristaabueg
933,933,kevin-mercilliott-335aa2ba
934,934,edwinalcantar
935,935,kirstyn-maletta-phr-a0575ba0
936,936,jennifer-ceresia-76b81149
937,937,xiang-derek-wang-81960786
938,938,morgan-graham-668b6347
939,939,sesilia-min
940,940,dakotav
941,941,benrathi
942,942,pierre-o-2656b185
943,943,jasmine-clarke-09b22aa9
944,944,isobel-futter
945,945,nhu-trang-nguyen-709a526
946,946,kaitlyn-broyles
947,947,nick-stephens-07298521
948,948,jordan-t-martin
949,949,mathew-stuart-b4874998
950,950,zain-ali-094860b7
951,951,victor-martinez-b4919230
952,952,bradleyrbeasley
954,954,chanceleach
955,955,nikunjpasari
956,956,julie-beauchamp
957,957,abigail-klass-b3687253
959,959,hanlontim
960,960,thomas-mclaughlin-336bb5149
962,962,jialin-karen-zeng-09975a103
963,963,maya-wistar-36454294
964,964,melissamoyamillan
965,965,kevanpatel
967,967,joseph-maynard-25831a29
968,968,emily-shelton-3b05778
969,969,allie-woodhouse-7b440aa2
970,970,noahslee1994
971,971,alexa-gil-rodriguez-1b16019
972,972,abdalghfar
973,973,normari-marquez-55199686
974,974,haoyuanhu
975,975,kenneth-van-diggelen-jr-9628853b
976,976,gilmore-conners-127715126
977,977,peichengliu
978,978,amelia-willenborg-952a14b8
979,979,vincejiaz
980,980,emmanuel-muniz-001a04133
981,981,madeleine-crockett-fabry-22a7bb120
982,982,prateekrani
983,983,kimberly-lightfoot-a4020114
984,984,daniel-cho-aa6636106
985,985,jasmine-hackett-51559a156
986,986,eric-beris-aaa29553
987,987,ryan-o-boyle-170553163
988,988,natrajaishwarya
989,989,bonnieaylor
990,990,brandonpan
991,991,audrey-siyu-zhao-b631a964
992,992,patie-he-685947126
993,993,miyuki-wendy-hirata-997414129
994,994,kwangik-hong-a6b16955
995,995,weiyi-rebecca-zhang-62006b13b
996,996,jing-zhang-53377995
997,997,sihanwang1016
998,998,liz-t-liu
999,999,peiyao-chen-3a3973117
1000,1000,chloe-f
1001,1001,micaela-wenth-33755488
1002,1002,kessie-zhang
1003,1003,hao-wang-b13b1071
1004,1004,jacquelineduoduoliang
1005,1005,deborah-han
1006,1006,angelina-huilanyou
1007,1007,paige-adabla-825464a7
1008,1008,aliyatai
1009,1009,aryanajo
1010,1010,sofia-rivas-304153108
1011,1011,yumengshi
1012,1012,jessica-lyu
1013,1013,wenshimem
1014,1014,mina-park-67407abb
1015,1015,carthaginian
1016,1016,oliviastutman
1017,1017,jingwen-jing-w-70a4a39a
1018,1018,kweonkoo
1019,1019,masood-farooque-ba382b60
1020,1020,lanny25
1021,1021,mackenzie-aycock-3a5623124
1022,1022,eric-choi-a29b81168
1023,1023,angela-song-04775139
1024,1024,matthew-conte-3b419054
1025,1025,sera-mijung-koo-0656055a
1026,1026,aditya-khosla
1027,1027,lijucareer
1028,1028,diana-pan-b9635510a
1029,1029,jiaying-maria-he
1030,1030,sy-christina-lee
1031,1031,tia-gangopadhyay-36946aa4
1032,1032,sarah-elliott-54b4ba65
1033,1033,hailin-liu-9269448b
1034,1034,catherine-jiang
1035,1035,alicechoi92
1036,1036,wliangela
1037,1037,trishamcfarlane
1038,1038,minwuw1
1039,1039,moses-li-54362234
1040,1040,jingyaliustat
1041,1041,renee-yuwen-chen-141665114
1042,1042,madilynfisher
1043,1043,tatjanadimock
1044,1044,alexis-wirth
1045,1045,myungjin-jung-11a3aa95
1046,1046,zack-curcio-b055b366
1048,1048,priyanka-goyal-3a894a76
1049,1049,ella-boublik-1b2608116
1050,1050,bo-hwang-0b78541a
1051,1051,louisalan
1052,1052,charlenegoh
1053,1053,sucharitamulpuru
1054,1054,yina-tang-16260071
1055,1055,grace-lee-55b68b109
1056,1056,gabrielleazevedo
1057,1057,kailey-fernandez-6b5b4389
1058,1058,natalie-lewis-273092a9
1059,1059,williamtkim
1060,1060,sena-fell-603a3ab0
1061,1061,kimhj
1062,1062,eun-soo-jackie-kim
1063,1063,kangkathy
1065,1065,meagan-maue-71245117
1066,1066,runzhong-zhang
1067,1067,riley-ranch-2012aa117
1069,1069,eadcanabarro
1070,1070,michaelmontford
1072,1072,andrew-lifshitz-41b16b95
1073,1073,surya-prabhakar-a05434ab
1074,1074,zachary-rosenberg-34b5a88b
1075,1075,dhirkaran
1076,1076,dakotahrice
1077,1077,devon-smith-22bb3ba8
1078,1078,michelle-montesano-shrm-cp-7a074730
1079,1079,ramona-arora-10
1080,1080,renecvaldez
1081,1081,bryanlustig
1082,1082,rachel-wu-a66421129
1083,1083,carrie-carter-77096789
1084,1084,ajesh-patel-37949b71
1086,1086,lexistoloff
1087,1087,adam-dwiggins-13638555
1089,1089,willguzick
1090,1090,quispem
1091,1091,jeanette-xu
1093,1093,christianhutchinson
1094,1094,michael-baldyga
1095,1095,katelyn-latour-91463b29
1096,1096,elizabeth-o-toole-2624199a
1097,1097,shruthi-adimurthy-831b02129
1099,1099,chenxi-li-685b8569
1100,1100,nhogan2
1101,1101,kassie-mcgue-bb9499a4
1102,1102,michaelkamara99
1103,1103,mayank-gandhi-1aa0047
1104,1104,john-bednar-30007892
1105,1105,aj-huff-7696b14b
1106,1106,daniel-lee-6308ab97
1107,1107,jeremy-hardy-a9a015ba
1108,1108,kelvinsopariwala
1109,1109,michael-connolly-42666298
1110,1110,connie-allen-a6156a12
1111,1111,saadhirani
1112,1112,raven-whitehead
1113,1113,waiylam
1115,1115,bernadette-hardigan
1116,1116,michael-elbert-985606a6
1117,1117,adityashettigar
1120,1120,shu-wang-930779123
1122,1122,ruodan-song-571316159
1126,1126,regina-wen
1128,1128,hei-tung-kelly-ko-b5537b151
1130,1130,min-ye-1207
1131,1131,yizhi-elaine-shen
1132,1132,andrea-almosny-64b013aa
1133,1133,ethan-pearson-55a41313a
1135,1135,yuqingsun
1136,1136,jessica-y-lee
1138,1138,jennifer-cho-81206712b
1139,1139,lingbo-amanda-fu-9a791a15b
1140,1140,bingdi-chunyu-1535a0b4
1141,1141,qiantaogan
1142,1142,evajiang1
1144,1144,winniecheng1124
1145,1145,akshita-wahi-5521941b
1146,1146,helena-wang-nyu
1147,1147,yinglin-zheng-b0b053127
1148,1148,heather-doporcyk
1149,1149,elena-lisac
1150,1150,di-wang-datalover
1151,1151,ruo-li-584841114
1153,1153,haleyglazer
1154,1154,stephaniedchung
1155,1155,jessica-stockton-1542a871
1156,1156,heather-ryan-88b9241b
1158,1158,yuyunkristyl
1159,1159,ryan-jordan
1160,1160,lia-lonergan
1162,1162,prateekchakravarty
1163,1163,huck-rocca
1164,1164,hollygunderson
1165,1165,ann-pollack-0a21641b
1166,1166,reynaldo-cadacio-950459133
1167,1167,krista-don-7b895442
1168,1168,kelsey-hill-a62081ab
1169,1169,erikalmann
1170,1170,lexi-mohr-03128374
1172,1172,will-richmond
1173,1173,xinyu-celine-zhang-35a991122
1174,1174,luz-oliveros-7433bb104
1175,1175,cholmlund
1176,1176,singal-priyanka
1178,1178,leahtanner
1179,1179,anushanallapati
1180,1180,manuella-monteiro
1181,1181,ruiqi0820
1182,1182,sethbmiller
1183,1183,randylaosat
1184,1184,chrismakara
1185,1185,amy-lekai
1186,1186,bianca-sloan-25b95899
1187,1187,wesley-somoza-904b178
1188,1188,elliotmustoe
1189,1189,cedric-lucius
1190,1190,caly-dominguez-a570b1121
1191,1191,srija-gupta
1192,1192,natalie-smole-72450a21
1193,1193,bhimtastic
1194,1194,anbhattacharyya
1195,1195,viken-shah
1196,1196,julianhgmba
1197,1197,hristo-bojilov-a2072411a
1198,1198,prathap-sunka-627a2a23
1199,1199,lsg1234
1200,1200,karina-antonino-953b59aa
1201,1201,katiejin
1202,1202,jordanhalecwpartnersexecutiverecruiter
1203,1203,solene-feuillu
1204,1204,jillragaller
1205,1205,jennireis
1206,1206,lindsay-koolis-415632aa
1207,1207,natmart
1208,1208,russude
1209,1209,susan-mehranvari-86b7305
1210,1210,andrew-ekchian-624a8147
1211,1211,lee-andari-30b493b9
1212,1212,molly-bryan-6521b9151
1213,1213,carey-zhou-1abb2323
1214,1214,eileenrcasey
1215,1215,ryan-parker-a3b04042
1216,1216,kiarn2010
1217,1217,jorgeecabrerajr
1218,1218,pragadishkalaivanan
1219,1219,lisa-evans-crme-5863168
1220,1220,parnika-puri12
1221,1221,jaekristoff
1222,1222,margi-georgopulos-27867254
1223,1223,jessicakdixon
1224,1224,dominickbattiato
1225,1225,lacey-daebel-3b6b85b6
1226,1226,neha-seelam-0a789356
1227,1227,yanessa-giner-757567a5
1228,1228,lumingyang
1230,1230,lizcui
1233,1233,sharon-siyun-chen
1234,1234,junghyun-kelly-kim-825827131
1236,1236,xinyu-x-y-xu-75389a173
1237,1237,jennifer-ji-eun-yeo-9861ba69
1239,1239,garlam
1240,1240,lydiakim09
1241,1241,lois-zhou-ca
1244,1244,ashleyjiao
1245,1245,olinaqian
1246,1246,ga-young-lee-60ba8b90
1247,1247,heonyong-lee-0ba3a5149
1248,1248,xuewen-li-340034158
1249,1249,shikhakambil
1251,1251,shujin-zhou-a3a041b4
1252,1252,teressalin
1253,1253,priyankachaudhari
1256,1256,dianabyeon
1257,1257,chuyan-renee-liu-6831b561
1258,1258,jingting-li
1260,1260,kathy-lew-a267087a
1262,1262,shana-seunghyun-shin
1263,1263,peterreevesauvil
1264,1264,victoria-almeida-aaa8698a
1266,1266,katherine-yoonjoo-bang-a4657a5a
1277,1277,yochai
1279,1279,ebnova
1280,1280,julia-choi-6082b3a3
1283,1283,doolee
1285,1285,nataliedesouzaferreyra
1287,1287,laurenpnguyen
1288,1288,suranjana-ghosh-psm-10129710b
1289,1289,young-c-lee-321118a0
1290,1290,jisunlee1
1291,1291,davitbotch
1292,1292,zhang-siyu
1293,1293,olivercoulter
1294,1294,kristin-schaen-138756129
1295,1295,bhavisha-mehta
1296,1296,kirby-porter-186407123
1297,1297,nicoleparlapiano
1298,1298,taylor-foote
1299,1299,wtrvis
1300,1300,matthew-hunn-9b55442
1301,1301,jessica-ahenkorah-437763142
1302,1302,yiwen-yan
1303,1303,karenreiser
1304,1304,jacob-haras-711b25176
1305,1305,lucas-lassila-267442103
1306,1306,eleonora-grinenko-4a8162a4
1307,1307,jenahill
1308,1308,joanie-bily-courtney-b959712
1309,1309,chukaakpom
1310,1310,taylormjohnson1
1311,1311,alisonwagonfeld
1312,1312,devinrosehawkins
1314,1314,nicholascepeda
1315,1315,abarcasandra
1316,1316,kayla-sherwyn-663643bb
1317,1317,zunhiga
1318,1318,emma-reed-5541bb172
1319,1319,meredith-dewald-562b1551
1321,1321,mary-grady-bell-9aa370b6
1322,1322,jessica-k-7b011437
1323,1323,sofia-demay-5993b797
1324,1324,larsen-marketing-8747a8143
1325,1325,lilian-yingwang
1326,1326,priyaragavi
1328,1328,sandrafenton
1329,1329,ashley-scott-1369aa171
1331,1331,bettypytso
1332,1332,summerschiavo
1333,1333,xiangyu-zhang-13046b155
1334,1334,singhsanchit
1336,1336,karthikmoorthi
1337,1337,zachbeatty
1338,1338,mo-zou-1466637b
1339,1339,jean-pierre-marcellin-32344620
1343,1343,maxmackey
1344,1344,erinjeong
1345,1345,charleenkao
1346,1346,heather-park-79423197
1347,1347,saloni-jain09
1351,1351,daniel-santamaria
1352,1352,tonytang15
1353,1353,deepikasn
1354,1354,mattjklein
1355,1355,md-islamr
1357,1357,akashadlakha
1358,1358,katiebutler
1359,1359,adams-conrad
1360,1360,blakeharris
1362,1362,jacob-sells-90b664104
1363,1363,mehta-shruti
1364,1364,lauren-stafford-webb-59b62277
1366,1366,madison-oie-2ab0ba17
1367,1367,jonathanleediamond
1368,1368,chelseyfeldman
1369,1369,dillon-stuart
1370,1370,marywu2
1371,1371,sapci
1372,1372,apoorvsh13
1373,1373,laceyostmeyer
1374,1374,syzeng
1375,1375,kate-cohen-426baa1b
1376,1376,thopkins11
1377,1377,josie-sandi
1378,1378,jamiepridemore
1379,1379,justintan14
1380,1380,jgorrell
1381,1381,edwardfarraye
1382,1382,qinchisong
1383,1383,elise-eid-7424842a
1384,1384,oliviameng
1385,1385,ying-peng-penny-33242793
1387,1387,kelly-cheng
1388,1388,rachadkhaddaj
1389,1389,saravondohren
1390,1390,martinaguinis
1391,1391,mei-li-86a993
1392,1392,edward-pilkington-6402222
1394,1394,pipeloluwa-mabayoje
1395,1395,dennispong
1396,1396,nicholewade
1397,1397,michaelrlevy
1398,1398,gracecleland
1399,1399,nate-molinar-a984493
1400,1400,pritish-ghaisas
1401,1401,annanguyentcu
1402,1402,su-wang-9a123790
1404,1404,kimberlyvo1
1405,1405,niralivekariya
1406,1406,zhen-jean-wu
1407,1407,lacey-alfaro
1409,1409,xiangyu-kevin-liang-9a4a87aa
1410,1410,gabi-youngs-60a512b1
1412,1412,maxmccallister
1413,1413,jane-li-81b947135
1414,1414,beth-hales-rednour-33875a20
1415,1415,joanne-plein-81a74043
1416,1416,katherinehardy18
1417,1417,mtalwar
1418,1418,donald-carlisle-55069baa
1419,1419,davidgeddes1
1421,1421,benjaminrust
1422,1422,principalanalyst
1423,1423,rcbeagle
1424,1424,anna-shyron-112825164
1426,1426,sivakishore-ashapu-4a310890
1428,1428,airikayee
1430,1430,yuanshiya-shiya-tian-58717160
1431,1431,rachelhkwon
1435,1435,danweihuang
1436,1436,lin-sang-58495111b
1437,1437,sarahspinella
1439,1439,jiafeng-li-16366337
1440,1440,sharina-sheth5819
1442,1442,xu-chi-99ab7b127
1443,1443,rachel-hamasaki-0341395
1444,1444,hyeonji-kim-109ab6a4
1445,1445,wanjin-jia-8a862312a
1447,1447,jihyun-anna-lee
1448,1448,minjigwak
1449,1449,sunhye-lee
1450,1450,tecorp
1451,1451,lchen11
1452,1452,ruochenshi
1453,1453,justinvpham
1458,1458,soo-yeon-sue-han-6283606b
1459,1459,chuangyuehu
1460,1460,nithya-elsa-ramesh-she-her-6a6292127
1461,1461,yuting-shan-uclamfe
1462,1462,sanjay-gupta-743a693
1464,1464,oxavier
1465,1465,serena-wong-9b006630
1466,1466,emmadineen
1467,1467,jiachen-li97
1468,1468,xsguo
1469,1469,sarahblasimueller
1472,1472,yufeichen0415
1473,1473,haoting-skye-zhang
1474,1474,dannihu
1475,1475,han-huang-940112
1476,1476,xiyinghu
1478,1478,emily-chen-33077aab
1479,1479,sandra-porsche-76a909106
1481,1481,yihan-estelle-wu
1482,1482,yuqiuyi
1483,1483,lawrence-lee-995844b
1484,1484,monsoon-pabrai
1485,1485,vickigoldman
1486,1486,lucychi
1487,1487,keren-chen
1488,1488,chloewuusc
1489,1489,dandihou
1490,1490,mengfan-mia-chen-9a77a3b7
1491,1491,elaine-kim-01
1493,1493,ericzuo
1494,1494,anna-ginzburg-76a0a423
1495,1495,tracee-larocca-8138914
1496,1496,matthew-benson-6bbbba8
1497,1497,angela-haverly-31692169
1498,1498,bohyunyim
1499,1499,isarapatumanon
1500,1500,yuting-miao
1501,1501,valentina-y-jiang
1503,1503,jaynajyoo
1505,1505,abigail-hayes-2563bb111
1506,1506,alawley
1508,1508,katharineemccarthy
1509,1509,brett-gonzenbach-28bb2b35
1510,1510,seth-freeman-8a6a482
1511,1511,yyang5
1512,1512,thyda-sar-96349832
1513,1513,andrea-shey-9838553b
1514,1514,kimjesse
1515,1515,zahra-chithiwala-b0044282
1516,1516,irina-ialovenco-542810b6
1517,1517,mary-saunders-beverlyhills
1518,1518,jessica-fu-67605784
1519,1519,liza-waganagwa-731a9912
1522,1522,burcu-kivanc-07077540
1523,1523,christophershook
1524,1524,allison-boyer-343b982
1526,1526,athenatabula
1528,1528,greg-divincent
1529,1529,costperacquisition
1531,1531,noahkagan
1532,1532,michael-baughman-28337b3
1533,1533,katherine-lacher
1534,1534,bradhotchkiss
1535,1535,royeeleung
1537,1537,yifei-shen-946268124
1538,1538,gdong
1540,1540,walterfranklin
1541,1541,andrepranckevicius
1542,1542,priyankamody
1543,1543,chingyuw
1544,1544,mackenzie-shively-6b7180b6
1545,1545,amreen-hamirani
1546,1546,scottcarrington
1548,1548,paiankita
1549,1549,jihyejang
1550,1550,billyfink
1551,1551,jonathan-yoni-katz-5b2a90146
1553,1553,mai-le-a32b3994
1555,1555,laurengelecke
1556,1556,bola-hambolu-a23517107
1557,1557,jenniferwanninger
1558,1558,alokvasudeva
1559,1559,anil-malviya
1560,1560,kevin-cho-05261913
1561,1561,brendaton
1562,1562,michelle-mcguire-milde-14a10561
1563,1563,courtneylhatch
1564,1564,drewhendricks
1565,1565,corinncgallo
1566,1566,alekhya-uppugandla-ba8a6a45
1567,1567,lizkmiller
1568,1568,mary-nguyen-mn
1569,1569,nancy-breede-a7519325
1570,1570,nick-dong-58aa894
1571,1571,melaniewahl
1572,1572,selleck
1573,1573,christopher-knight-5a6a3a84
1574,1574,sumonigupta
1576,1576,alessiosimoya
1577,1577,henoc-yassa-4752a711a
1578,1578,yu-vivi%E2%80%8B-song-b8bb3b64
1579,1579,katherine-k-wood
1580,1580,christopherstroud
1581,1581,christin-poole-37068717a
1582,1582,jamal-vann-8472b246
1583,1583,anthony-gatti-539158a4
1584,1584,jenny-jiahui-wang-18198713a
1585,1585,savannahzhu
1586,1586,shiyingdeng
1588,1588,julia-sun-0427
1589,1589,julia-i-9545aa126
1590,1590,suyeonk95
1591,1591,meganwang1998
1592,1592,caroline-conlon-berger-4774a217
1593,1593,lilyychen22
1594,1594,grace-gorman-585826123
1595,1595,erinn-middo-bb7b67107
1596,1596,sophia-noel-224894a3
1598,1598,elyse-lee-669981119
1599,1599,joanlim96
1600,1600,aoli
1601,1601,midochoi
1602,1602,graceguhanwang
1603,1603,jeffzidell
1604,1604,michellema619
1606,1606,eunicey3
1608,1608,yi-elaine-wang-476262127
1609,1609,cathenxu
1610,1610,aysha-motiwala
1611,1611,katherine-luo-624102107
1612,1612,guohao-chen-61374585
1613,1613,flaviaguetter
1615,1615,lidan-liang-5b2849114
1616,1616,alyssa-lee-353aa0152
1617,1617,mimmilindquist
1618,1618,chia-yilee
1619,1619,luxintenebris
1622,1622,youngeun-shin-46400745
1623,1623,isabelle-cipriani-18394854
1626,1626,maksim-kalmanovich
1627,1627,andrea-romanoff-21929788
1628,1628,leoncio-aliaga-94770311a
1629,1629,sam-lee-499b03a
1630,1630,yingqi-liu-5251bb108
1631,1631,jozh716
1632,1632,jongheejo
1633,1633,carmenkzheng
1635,1635,dongkeun-je-7100832b
1636,1636,ziyunzhang
1637,1637,sherry-zhang-6a319785
1639,1639,ireneyongnamjung
1640,1640,yifan-gu-1018
1641,1641,elisabeth-mccray-5ab379157
1643,1643,naomijiyoungjang
1644,1644,nickworswick
1645,1645,lena-sunghyun-lee
1646,1646,yiyao-pamela-guo-103b593a
1647,1647,mariamhussain1205
1649,1649,gunjanthia
1650,1650,imaingridma
1653,1653,miri-chung-84b05343
1654,1654,nadiagardezy
1655,1655,douglaskwong
1656,1656,sunny-cho-0b43ba10
1657,1657,chris-almeida-7a3b936
1658,1658,danette-chun-693491115
1659,1659,kelsi-krandel
1660,1660,nagracewang
1662,1662,jenn-rindone-05019560
1663,1663,kayom-paik-96508a22
1664,1664,sarahsrpark
1665,1665,amber-goynes-802490114
1666,1666,fiskuo
1667,1667,nicole-choe-57654ba1
1668,1668,bethany-christian8
1669,1669,antoniayang
1670,1670,sarah-gilbert-319977138
1671,1671,annadix
1672,1672,michellerobbins
1673,1673,justine-coven-a97b47120
1674,1674,ryanrhoover
1675,1675,bradegnor
1676,1676,deborahyeh
1677,1677,manisandhu
1678,1678,elizabethkohlilandau
1679,1679,asuay
1680,1680,seunghoonyi
1681,1681,sarahefrank
1682,1682,jakelieberman
1683,1683,joycewen
1684,1684,thegregorygerla
1685,1685,brian-steck-b3813b92
1686,1686,scotttrevathan
1688,1688,soyoungryu
1689,1689,saisiri-indrakanti
1690,1690,gabriel-galvao-4632b355
1691,1691,abrahammaalouf
1692,1692,matthew-conrado-4618128a
1693,1693,melissaannknapp
1694,1694,iselgalvan
1696,1696,alix-dejernett-24217258
1713,1713,seojimin
1717,1717,caseybressan
1718,1718,alexandrastaylor
1719,1719,morgan-manchester
1720,1720,timothyrivera
1721,1721,umerusman
1723,1723,pebbles-obando
1724,1724,namit-aneja
1725,1725,ethan-wood
1726,1726,kathleenschaub
1727,1727,rashmi-singh-ajay
1728,1728,isaiah-haupt
1729,1729,theonecrystal
1730,1730,kelly-santos-3694b250
1731,1731,amy-giacometti-33a5978b
1732,1732,alex-oman-421b60a0
1734,1734,lauren-wojtaszek-3aa41495
1735,1735,samianasir
1736,1736,jasonsbs
1737,1737,que-le-65a42091
1738,1738,arleneherrera1
1739,1739,daniellegeihs
1740,1740,diane-ji-38525b40
1741,1741,yiwang6165
1742,1742,morganajennings
1743,1743,ellenchannn
1744,1744,sydneyalepa
1745,1745,mia-xu-974300172
1746,1746,anushee-sondhi
1747,1747,ayako-willen-b807903
1748,1748,katherineliang
1749,1749,xueqing1994
1750,1750,anika-khetrapal-a867a2144
1751,1751,elizabethfinneran
1752,1752,sunny-chiang-94b18b61
1755,1755,yoonha-campbell-49469973
1756,1756,jinyeon-won-24576962
1757,1757,soominserenayoon
1758,1758,elizabeth-pitts
1759,1759,aliciafan
1760,1760,vivian-lee-72529b168
1761,1761,sijia-tan-02035216b
1762,1762,kree-zhang
1765,1765,rachel-feher-250ba6132
1766,1766,natalie-nowogrodzki-558347ab
1767,1767,jessica-spaulding-abb3736
1768,1768,pella-papastoitsi-7215a768
1769,1769,veronikalu
1770,1770,luxuan-li-3751338a
1772,1772,lillianpcho
1773,1773,rebecca-miller-7b9501b
1774,1774,jennifer-kai-yin-yang-b96363119
1775,1775,harshitajalluri
1776,1776,ycy273
1777,1777,sylviascholey
1778,1778,ameshpatel
1779,1779,jackieroldan
1780,1780,juliettetiriolo
1781,1781,tiffany-brazer-68a955121
1782,1782,murphyskip
1783,1783,cbcnguyen
1784,1784,meganamanda
1785,1785,robin-a-a3a4b35
1786,1786,ericasantoni
1787,1787,ericawang1016
1788,1788,dontaemears
1790,1790,mattclunan
1791,1791,kathrynpjones
1792,1792,michellebeelslorge
1793,1793,carolina-barbachano
1794,1794,weiss-catherine
1795,1795,julie-zisfein-30441424
1796,1796,allison-rosen-aa891023
1797,1797,grant-patterson-88b16497
1799,1799,andy-grinsfelder-bb68469
1801,1801,gayle-centrella-a05823ab
1802,1802,jlafrance
1803,1803,dafernandes
1804,1804,jeff-knabe-617a287
1806,1806,sharajacinto
1807,1807,paul-allen-37920b12
1808,1808,yveline-deli-3aa3b364
1809,1809,keith-foley-80016b14b
1811,1811,jason-bossenberry-70032523
1812,1812,valvarez1010
1813,1813,janicedru
1815,1815,nicole-havins
1816,1816,tegbaker42
1817,1817,emily-williams
1818,1818,levi-coleman-199792a
1819,1819,maricastillo
1820,1820,yulanda-juncai
1821,1821,yeanahyun
1822,1822,privatt
1823,1823,jyotika-chandhoke-33b734129
1824,1824,yueneng-zhang
1826,1826,christine-abelyan
1827,1827,elizabethjmiller
1828,1828,taylor-lake-643174149
1829,1829,juliaqli
1830,1830,jojin
1831,1831,haileysims
1832,1832,ghimire
1833,1833,joosungnam
1834,1834,saratroka
1835,1835,emilyxyan
1836,1836,lauren-liu-data-analyst
1837,1837,huanjun-katherine-wu
1838,1838,miachuyanzhang
1839,1839,lei-guo-00470191
1840,1840,kathy-lew-73998388
1841,1841,jiykim
1842,1842,tanvi-ralhan
1843,1843,nicole-miao
1844,1844,mitchell-yousem-462802a1
1845,1845,hongjoo-ro-b0755478
1846,1846,weizikzw
1847,1847,miranda-chen-19961007
1848,1848,msvrussell
1849,1849,mckenzie-hagan-3a08a689
1850,1850,sean-hansuk-kim-99916a50
1851,1851,sashaverbitsky
1852,1852,justinyoon925
1853,1853,adityavik
1855,1855,jennifer-liu-andrews-2a724948
1856,1856,kenneth-fishman-6b13b77
1857,1857,danielmayer123
1858,1858,kathryn-winokur-90a83b15
1859,1859,ash-ram
1860,1860,noahturner1
1861,1861,francessf
1862,1862,jessica-smith-a1682514
1863,1863,chris-donato-a85339112
1864,1864,adamtav
1865,1865,wongnvrwrong
1867,1867,josephkholodenko
1868,1868,garydeberry
1869,1869,jiayuanguo
1870,1870,janinegianfredi
1871,1871,argerich
1872,1872,jack-carter-a3930242
1873,1873,ivan-h-9a222030
1874,1874,andrew-newland-2bb9485a
1876,1876,bmarcus
1877,1877,johnwernz
1878,1878,arhantbatra
1879,1879,mar%C3%ADa-catalina-lemus-remolina-b088962b
1880,1880,russsomers
1881,1881,ryan-rubin-97910916
1882,1882,jayne-ritter-826a41a4
1883,1883,pwilliamjoyce
1884,1884,jruizluque
1885,1885,fallonoconnor
1886,1886,zach-sherman-3aa3a9a5
1887,1887,joanne-yang
1888,1888,katisrael
1889,1889,vincentmartiniii
