Interpersonal Skills,ID
,0
,1
Teaching,2
,3
Management,4
Communication,4
Leadership,5
Management,5
Interpersonal Communication,5
Management,6
Team Management,6
Cultural Awareness,7
Teamwork,7
Leadership,7
Teaching,7
,8
Public Speaking,9
Teamwork,9
Management,9
Customer Service,10
Teaching,11
,12
Public Speaking,13
,14
,15
,16
,17
,18
,19
,20
Public Speaking,21
Leadership,21
Customer Service,21
Teamwork,21
,22
,23
,24
Leadership,25
Public Speaking,25
Management,25
Teamwork,25
,26
,27
Customer Service,28
Time Management,28
Teamwork,28
Leadership,28
Teamwork,29
Team Management,29
Public Speaking,29
Team Management,30
,31
,32
,33
,34
,35
,36
,37
Engineering Management,38
Technical Leadership,38
,39
,40
,41
,42
,43
Management,44
,45
,46
,47
,48
,49
Leadership,50
Problem Solving,50
Public Speaking,50
Customer Service,50
Management,50
Teamwork,50
Time Management,50
Communication,50
,51
,52
Leadership,53
Teamwork,53
,54
,55
,56
,57
,58
,59
Time Management,60
Customer Service,60
Community Outreach,60
,61
,62
,63
,64
,65
,66
Problem Solving,67
Collaborative Problem Solving,67
Teamwork,68
Public Speaking,68
Customer Service,68
Time Management,68
,69
Leadership,70
Management,70
Teamwork,70
Public Speaking,70
Team Management,70
Presentations,71
Management,71
,72
Problem Solving,73
Leadership,74
Management,74
Interviewing,74
,75
,76
,77
,78
,79
,80
Team Management,81
Management,81
,82
,83
Employee Training,84
,85
Leadership,86
,87
,88
,89
,90
Leadership,91
Customer Service,91
,92
Team Management,93
Management,93
Presentation Skills,93
,94
,95
,96
,97
,98
Communication,99
Management,99
Customer Service,99
,100
,101
,102
,103
Problem Solving,104
,105
,106
Management,107
,108
,109
,110
Problem Solving,111
Teaching,111
Leadership,111
,112
,113
,114
Fundraising,115
Customer Service,115
,116
,117
,118
,119
,120
,121
,122
,123
Customer Service,124
Teamwork,125
,126
,127
,128
Team Leadership,129
Decision-Making,129
Time Management,129
,130
,131
,132
,133
,134
,135
Leadership,136
Teamwork,136
Customer Service,136
Public Speaking,136
,137
,138
,139
,140
Leadership,141
Interpersonal Skill,141
Problem Solving,141
Team Leadership,141
,142
,143
Interpersonal Communication,144
Management,144
Leadership,144
Customer Service,144
Leadership,145
,146
Teamwork,147
Critical Thinking,147
Tutoring,147
Public Speaking,147
Leadership,147
,148
Time Management,149
Leadership,149
Presentation Skills,149
Storytelling,149
Management,150
,151
,152
,153
,154
,155
,156
,157
Team Management,158
Teaching,158
Management,159
,160
Public Speaking,161
Teamwork,161
Management,162
,163
Public Speaking,164
,165
Client Relations,166
Cross-functional Team Leadership,166
,167
,168
Community Outreach,169
Teaching,169
Public Speaking,169
Qualitative Research,169
Problem Solving,169
,170
Public Speaking,171
Team Leadership,171
Teamwork,172
,173
Public Speaking,174
,175
Teamwork,176
Team Leadership,176
Public Speaking,176
Communication,176
,177
Management,178
Leadership,179
,180
,181
,182
Leadership,183
Management,184
Customer Service,184
Leadership,184
Public Speaking,184
Teamwork,184
Teamwork,185
,186
,187
Management,188
Leadership,188
Public Speaking,188
Teamwork,188
Team Leadership,188
Leadership,189
People Skills,189
Communication,189
Customer Service,189
Telephone Skills,189
Teamwork,189
Public Speaking,189
Time Management,189
Management,189
Team Leadership,189
Client Relations,189
Client Services,189
Training,189
,190
,191
,192
,193
,194
Teamwork,195
Public Speaking,195
Management,195
Team Leadership,195
,196
Team Leadership,197
Leadership,197
,198
Customer Service,199
Coaching,199
Team Building,199
Cold Calling,199
Interviews,199
Time Management,199
Management,200
Leadership,200
Training,200
,201
,202
Management,203
Leadership,203
Customer Service,203
Teamwork,203
Public Speaking,203
Client Services,204
Customer Service,204
Team Management,204
Communication,204
Team Leadership,204
Leadership,204
Teamwork,204
Management,204
Negotiation,205
Leadership,206
Customer Service,206
Management,206
,207
,208
,209
,210
Presentations,211
Leadership,211
Problem Solving,212
,213
Team Leadership,214
,215
Customer Service,216
Leadership,217
Public Speaking,217
Management,217
,218
Management,219
Leadership,219
Mentoring,219
,220
,221
Team Management,222
,223
Community Outreach,224
Leadership,224
Employee Training,224
Team Building,224
Customer Service,224
Interpersonal Skills,224
Public Speaking,224
Creative Problem Solving,225
Communication,225
Leadership,225
Management,225
Teamwork,225
,226
,227
,228
Teamwork,229
Leadership,229
,230
Management,231
Leadership,231
Public Speaking,231
Team Management,232
Teamwork,232
Management,232
Public Speaking,232
Leadership,233
Interviews,233
Talent Management,233
Team Building,233
Customer Service,233
Cold Calling,233
Time Management,233
Sourcing,233
Employee Relations,233
Career Counseling,233
Coaching,233
Negotiation,233
Team Leadership,233
Management,234
Public Speaking,234
Teamwork,234
Customer Service,234
,235
Management,236
Leadership,236
Time Management,236
Customer Service,236
Leadership,237
Team Leadership,237
Management,237
Team Management,237
Public Speaking,237
Teamwork,237
Customer Service,237
,238
,239
,240
Search,241
,242
,243
,244
,245
,246
,247
,248
,249
,250
,251
,252
Management,253
Problem Solving,254
Team Motivation,254
Leadership,254
,255
Leadership,256
Public Speaking,257
Teamwork,257
Interpersonal Skills,258
Client Relations,258
Leadership,258
Management,259
Management,260
,261
,262
TeamWork,263
Leadership,263
Public Speaking,263
Customer Service,263
Team Building,263
Time Management,264
Customer Service,264
Leadership,265
Public Speaking,265
,266
Teamwork,267
Communication,267
Management,268
Cross-functional Team Leadership,268
,269
Teamwork,270
Public Speaking,270
Negotiation,270
Customer Service,270
Team Leadership,270
Problem Solving,270
Communication,270
Personal Development,270
Management,271
Leadership,271
Public Speaking,271
Customer Service,271
,272
,273
,274
,275
,276
Communication,277
Interpersonal Communication Abilities,278
Teaching,278
Management,279
Leadership,279
Team Leadership,279
Teamwork,279
Team Management,280
Public Speaking,281
Public Speaking,282
Leadership,282
Management,282
,283
,284
,285
,286
,287
,288
,289
,290
,291
,292
,293
,294
,295
,296
,297
,298
,299
,300
,301
,302
,303
,304
,305
,306
,307
,308
,309
,310
,311
,312
,313
,314
,315
,316
,317
,318
,319
,320
,321
,322
,323
,324
,325
,326
,327
,328
,329
People Management,330
Leadership,331
Management,331
Management,332
Teaching,332
,333
Written Communication,334
,335
,336
Teaching,337
,338
,339
,340
Management,341
Management,342
Team Leadership,342
Communication,342
,343
,344
Leadership,345
Public Speaking,345
Team Work,345
Cross-functional Team Leadership,345
Negotiation,345
Contract Negotiation,345
,346
,347
Teaching,348
Team Leadership,348
,349
,350
,351
Training,352
Management,352
,353
Teamwork,354
Management,354
Presentation Skills,354
,355
,356
,357
,358
,359
,360
Leadership,361
Problem Solving,362
Leadership,362
Management,362
Organization Skills,362
Organizational Leadership,362
,363
,364
,365
Leadership,366
Innovation Management,367
,368
Public Speaking,369
Lead Generation,369
Management,369
Team Management,369
Customer Service Management,369
Team Leadership,370
Management,371
Teamwork,372
Public Speaking,372
Leadership,372
,373
,374
,375
,376
Management,377
,378
,379
Public Speaking,380
Technical Leadership,380
,381
,382
,383
Storytelling,384
Leadership,385
Team Leadership,385
Team Building,385
,386
,387
Customer Service,388
Teamwork,389
Problem Solving,389
Presentations,389
Leadership,389
,390
,391
,392
,393
,394
,395
Leadership,396
Teamwork,397
Management,397
Team Management,397
Team Leadership,397
Distributed Team Management,397
,398
,399
Public Speaking,400
,401
Public Speaking,402
Public Speaking,403
Leadership,403
Management,403
Teamwork,403
Time Management,403
Customer Service,403
,404
,405
Leadership,406
Teamwork,406
,407
Teamwork,408
Teaching,408
Public Speaking,408
Leadership,408
Relationship Building,408
Team Management,408
,409
,410
,411
,412
,413
,414
,415
,416
,417
,418
,419
Management,420
Leadership,421
Organization Skills,422
Time Management,422
Fundraising,423
Time Management,423
,424
Management,425
,426
Search,427
Cross-functional Team Leadership,427
,428
,429
Management,430
Teamwork,431
Public Speaking,431
,432
,433
,434
,435
Team Leadership,436
Teamwork,436
Communication,436
,437
Management,438
,439
,440
,441
Management,442
,443
,444
,445
,446
,447
,448
,449
Teamwork,450
Team Leadership,450
Leadership,450
Public Speaking,451
,452
Team Management,453
Management,453
,454
,455
Team Leadership,456
,457
,458
,459
,460
,461
,462
,463
Cross-functional Team Leadership,464
,465
,466
,467
,468
,469
Customer Service,470
Public Speaking,470
Management,470
Leadership,470
,471
Leadership,472
Management,472
multitasking,473
,474
,475
,476
,477
,478
,479
Team Management,480
Management,480
Cross-functional Collaboration,481
Cross-functional Team Leadership,481
Creative Problem Solving,481
Negotiation,481
Mentoring,481
Coaching,481
Stakeholder Engagement,481
,482
,483
,484
,485
Management,486
,487
,488
,489
,490
,491
,492
Leadership,493
Public Speaking,493
Management,493
,494
Leadership,495
,496
,497
,498
,499
,500
,501
Leadership,502
,503
,504
,505
Communication,506
,507
,508
,509
,510
,511
Team Leadership,512
Teamwork,512
,513
Management,514
Team Leadership,515
,516
,517
Leadership,518
Team Leadership,518
Public Speaking,518
Teamwork,518
Management,518
,519
Customer Service,520
Training,520
Creative Problem Solving,520
Creative Solutions,520
Management,521
Communication,521
,522
Public Speaking,523
Teamwork,523
Time Management,523
Customer Service,523
Leadership,523
Communication,523
Community Outreach,523
Fundraising,523
Problem Solving,524
Public Speaking,525
Fundraising,525
,526
,527
,528
Communication,529
Customer Service,529
Leadership,529
,530
Team Management,531
Leadership,531
Management,531
,532
,533
,534
Tutoring,535
,536
,537
Leadership,538
Team Leadership,538
Team Management,538
,539
Strategic Leadership,540
,541
,542
,543
Team Management,544
Leadership,545
Management,545
Leadership,546
Customer Service,546
Teamwork,546
Problem Solving,546
Public Speaking,546
Communication,546
Time Management,546
Storytelling,546
Management,547
Public Speaking,547
Customer Service,547
Leadership,547
Team Leadership,547
,548
Teaching,549
Leadership,549
Fundraising,549
Problem Solving,549
,550
,551
,552
,553
Issues Resolution,554
Problem Solving,554
Team Leadership,554
Customer Service,555
Team Leadership,555
Teamwork,556
,557
Management,558
Communication,558
,559
Teamwork,560
Mentoring,560
Problem Solving,561
,562
Public Speaking,563
,564
Public Speaking,565
Teamwork,565
,566
,567
,568
,569
,570
Customer Service,571
Leadership,571
,572
Management,573
Leadership,573
Team Leadership,574
Management,574
Communication,574
,575
Team Management,576
Communication,576
Team Leadership,576
Team Building,576
Customer Service,577
Leadership,577
Management,577
,578
,579
,580
,581
,582
,583
,584
Leadership,585
,586
,587
,588
,589
,590
Management,591
Public Speaking,591
Leadership,591
Customer Service,591
,592
Public Speaking,593
Customer Service,593
Management,593
Leadership,593
,594
Mentoring,595
Public Speaking,595
Management,595
Customer Service,595
Team Leadership,595
Leadership,595
Teamwork,595
Management,596
Customer Service,596
,597
,598
,599
Public Speaking,600
Leadership,600
,601
,602
,603
Teamwork,604
Leadership,604
Management,604
Critical Thinking,604
Problem Solving,604
Leadership,605
,606
,607
Problem Solving,608
,609
Management,610
Teamwork,611
Public Speaking,611
Management,611
Customer Service,611
Management,612
,613
,614
Customer Service,615
,616
Management,617
Leadership,617
Cross-functional Team Leadership,617
Team Management,618
Leadership,618
Management,618
,619
,620
,621
,622
Public Speaking,623
Teaching,623
Coaching,623
,624
,625
,626
,627
Management,628
Leadership,629
Communication,629
Team Management,630
Leadership,630
Problem Solving,630
Communication,630
Cross-functional Team Leadership,630
Public Speaking,630
Customer Service,630
Management,630
,631
Leadership,632
Public Speaking,632
Problem Solving,632
Multitasking,632
Cross-functional Team Leadership,632
Teamwork,633
Contract Negotiation,633
Public Speaking,633
Leadership,633
Team Management,633
Customer Service,633
Interpersonal Communication Abilities,634
Problem Solving,634
Teamwork,635
,636
,637
,638
,639
Teaching,640
,641
,642
,643
,644
,645
,646
,647
Communication,648
Time Management,648
Customer Service,648
Customer Engagement,648
Teamwork,648
Negotiation,648
Lead Generation,648
Time management,648
Relationship Building,648
Training & Development,648
Teamwork,649
Problem Solving,650
Team Building,650
,651
Team Management,652
Team Leadership,652
Teamwork,652
Public Speaking,652
,653
,654
,655
,656
,657
,658
,659
,660
Public Speaking,661
,662
,663
,664
,665
,666
,667
Cross-functional Team Leadership,668
Management,668
Leadership,669
Team Leadership,669
Team Building,669
Customer Service,669
Coaching,669
,670
,671
Leadership,672
Team Management,672
,673
Leadership,674
Public Speaking,674
Teamwork,674
Public Speaking,675
,676
,677
Management,678
Teamwork,678
Communication,678
Problem Solving,679
Communication,679
Team Leadership,679
Public Speaking,680
,681
,682
Leadership,683
Problem Solving,683
Communication,683
Teamwork,683
Time Management,683
,684
Team Leadership,685
Management,686
Leadership,686
Team Management,686
Teamwork,686
,687
Teamwork,688
Qualitative Research,689
,690
People Skills,691
Critical Thinking,691
Problem Solving,691
Teamwork,691
Public Speaking,691
Customer Service,691
Management,691
Leadership,691
Qualitative Research,692
Leadership,692
,693
Management,694
Teaching,694
Management,695
Team Leadership,696
,697
Strategic Partnerships,698
Business Alliances,698
Negotiation,698
,699
,700
,701
,702
,703
,704
,705
,706
,707
Management,708
Team Building,708
,709
,710
Teaching,711
Leadership,711
Teamwork,711
,712
Leadership,713
Customer Service,713
Public Speaking,713
Leadership,714
,715
,716
,717
Customer Service,718
,719
Management,720
,721
Teamwork,722
,723
Team Leadership,724
Management,724
Teamwork,724
,725
University Teaching,726
Tutoring,726
Qualitative Research,726
Teaching,726
Management,727
Public Speaking,727
Customer Service,727
Leadership,727
,728
,729
,730
Public Speaking,731
Leadership,732
Critical Thinking,732
Management,733
Customer Service,733
Problem Solving,734
talent management,734
,735
Leadership,736
Fundraising,736
Time Management,736
Customer Service,736
Teamwork,736
,737
,738
,739
,740
,741
,742
,743
,744
,745
,746
,747
,748
,749
,750
,751
,752
,753
,754
,755
Public Speaking,756
Customer Service,756
Communication,756
Sales Presentations,757
Training,758
Teamwork,758
,759
Creativity Skills,760
Teamwork,760
Time Management,760
Management,760
Team Management,760
,761
Customer Service,762
Management,762
Time Management,763
Customer Service,763
Communication,763
Leadership,763
Public Speaking,763
Teamwork,763
,764
Management,765
Problem Solving,765
Cross-functional Team Leadership,765
Team work,765
Management,766
Customer Engagement,767
Problem Solving,767
Teamwork,767
Management,767
Leadership,767
Public Speaking,767
Time Management,767
Communication,767
Teamwork,768
Leadership,768
Public Speaking,768
,769
Training,770
Public Speaking,771
Student Leadership,771
Teaching,771
,772
Customer Service,773
Management,773
Public Speaking,773
Leadership,773
Public Speaking,774
Leadership,774
Teamwork,774
Fundraising,774
Leadership,775
Presentations,775
Problem Solving,775
Communication,775
,776
Employee Relations,777
Leadership Development,777
Organizational Development,777
Leadership,777
Management,777
Training,777
Personnel Management,777
Coaching,777
Career Development,777
Interviews,777
Conflict Management,777
Employee Training,777
Executive Coaching,777
Labor Relations,777
Teamwork,778
Customer Service,778
Time Management,778
Teaching,778
Public Speaking,778
Leadership,778
Management,778
Sourcing,778
,779
Customer Service,780
,781
Leadership,782
,783
Public Speaking,784
Public Speaking,785
,786
Creative Problem Solving,787
Creative Solutions,787
Customer Service,787
Voice Acting,787
Public Speaking,788
Teaching,788
,789
,790
Management,791
,792
Public Speaking,793
Teamwork,793
Management,794
Leadership,794
Strategic Partnerships,795
Leadership Development,795
Leadership,796
Public Speaking,797
Leadership,797
Customer Service,797
Management,798
Leadership,798
Teamwork,798
Teamwork,799
Public Speaking,799
Team Building,800
Team Leadership,800
Public Speaking,800
Management,801
Customer Service,801
Leadership,801
Public Speaking,801
Team Building,801
Teamwork,801
Training,801
Time Management,801
Employee Training,801
Critical Thinking,801
Problem Solving,801
Creative Problem Solving,801
Customer Service,802
Teamwork,802
Team Building,802
Teamwork,803
Customer Service,803
Telephone Skills,803
Problem Solving,803
Team Building,803
Time Management,803
Public Speaking,803
,804
,805
Community Outreach,806
Organizational Leadership,806
Teamwork,807
Fundraising,807
Public Speaking,807
Community Outreach,807
,808
Public Speaking,809
Teamwork,809
Teaching,809
Leadership,809
Teamwork,810
Leadership,810
Time Management,810
Management,810
Communication,810
Public Speaking,810
Team Leadership,810
Team Building,810
Customer Service,811
Teamwork,811
Public Speaking,811
Time Management,811
Communication,811
Management,812
Team Motivation,813
Team Leadership,813
Motivational Speaking,813
Management,813
,814
Interviews,815
Management,816
Leadership,816
Public Speaking,816
Customer Service,816
Team Leadership,817
Customer Service,817
Management,817
Public Speaking,817
Leadership,817
Social Skills,818
Leadership,818
Teamwork,818
Customer Service,818
Management,818
Time Management,818
Teamwork,819
Public Speaking,819
Management,819
Leadership,819
Leadership,820
Teamwork,820
Fundraising,820
Management,820
Customer Service,821
Teamwork,821
Public Speaking,821
Interviews,822
Leadership,823
Teamwork,823
Problem Solving,823
Communication,823
Customer Service,823
Interpersonal Communication,823
Organization Skills,823
Presentation Skills,823
Written Communication,823
Qualitative Research,823
Public Speaking,824
,825
,826
,827
,828
,829
,830
,831
,832
,833
,834
Time Management,835
Teamwork,835
Teaching,835
,836
,837
,838
,839
,840
,841
Problem Solving,842
Time Management,842
,843
,844
Teamwork,845
Leadership,845
,846
Problem Solving,847
,848
,849
,850
,851
,852
,853
,854
,855
Teamwork,856
Management,856
Time Management,856
Public Speaking,856
Customer Service,856
,857
,858
Training,859
Management,859
,860
,861
,862
,863
,864
,865
,866
,867
,868
Team Building,869
Customer Service,869
Teaching,869
,870
,871
,872
,873
,874
,875
,876
,877
,878
,879
,880
,881
,882
,883
,884
,885
,886
,887
,888
,889
,890
Time Management,891
Easily Adaptable,891
Public Speaking,891
Organization Skills,891
,892
,893
,894
,895
,896
,897
,898
,899
,900
,901
,902
,903
,904
,905
,906
,907
,908
,909
,910
,911
,912
Customer Service,913
Management,913
Sourcing,913
,914
,915
,916
,917
,918
,919
,920
,921
,922
Teamwork,923
Public Speaking,923
Customer Service,923
Time Management,923
Leadership,923
Career Counseling,924
Collaborative Problem Solving,924
Leadership,924
Public Speaking,925
Leadership,925
Volunteer Management,925
Fundraising,925
Customer Service,925
,926
,927
Visual Communication,928
Presentations,928
Leadership,928
,929
Customer Service,930
Teamwork,930
Public Speaking,930
Leadership,930
Leadership,931
Cross-functional Team Leadership,931
Management,931
Team Leadership,931
Teamwork,932
Public Speaking,932
Leadership,932
Time Management,932
Management,932
Leadership,933
Customer Service,933
Cross-functional Team Leadership,934
Team Leadership,934
Management,934
Leadership,934
Customer Service,935
Teamwork,935
Leadership,935
Public Speaking,935
Team Leadership,935
,936
Teamwork,937
Management,937
Leadership,937
Customer Service,937
Strategic Partnerships,938
,939
Lead Generation,940
Management,941
Leadership,941
Customer Service,941
Customer Service,942
Leadership,942
,943
Teamwork,944
Management,944
Strategic Partnerships,944
Management,945
Leadership,945
Communication,945
Customer Service,945
Negotiation,945
Time Management,946
Communication,946
Leadership,946
Staff Development,946
Time Management,947
Teamwork,947
Public Speaking,948
Leadership,948
,949
Lead Generation,950
Problem Solving,950
Strategic Partnerships,950
Customer Service,950
,951
Teamwork,952
Communication,952
Motivational Speaking,952
Public Speaking,952
Leadership,953
Customer Service,954
Public Speaking,954
Time Management,954
Teamwork,954
Management,955
Fundraising,956
Leadership,956
Organizational Development,956
Talent Management,956
Cross-functional Team Leadership,956
Team Leadership,956
Management,956
Teamwork,956
Employee Engagement,956
Leadership Development,956
Organization Skills,956
Problem Solving,956
,957
Contract Negotiation,958
Customer Service,958
Leadership,958
Management,958
Negotiation,958
Time Management,958
Time Management,959
Management,959
Team Building,959
Leadership,959
Public Speaking,959
Creativity Skills,959
Public Speaking,960
Customer Service,960
Management,960
Time Management,960
Team Leadership,960
,961
Teamwork,962
Public Speaking,962
Time Management,962
Leadership,962
Storytelling,962
,963
,964
Management,965
Leadership,965
Training,965
Customer Service,965
Leadership Development,965
,966
,967
Lead Generation,968
,969
Leadership,970
Mentoring,971
Teamwork,971
Communication,971
Public Speaking,972
Organization Skills,972
Customer Service,972
Teamwork,972
Customer Service,973
Management,973
Conflict Resolution,973
,974
,975
Business Networking,976
Public Speaking,976
Leadership,976
Teamwork,976
Communication,976
Lead Generation,976
Organization Skills,976
Customer Service,976
Leadership,977
Customer Service,977
Communication,977
Teamwork,978
Public Speaking,978
Leadership,978
,979
Customer Service,980
Management,980
Negotiation,980
Communication,981
Leadership,981
Team Leadership,982
Organizational Leadership,982
Team Building,982
Cross-functional Team Leadership,982
Team Management,982
Organizational Development,982
Training,982
Contract Negotiation,982
Team Leadership,983
Conflict Resolution,983
Management,983
Interpersonal Communication Abilities,983
Public Speaking,984
Teamwork,984
Time Management,984
Leadership,984
Customer Service,984
Management,985
Training,985
Public Speaking,985
Creativity Skills,986
Management,986
Public Speaking,986
Leadership,986
Time Management,986
Team Leadership,986
Teamwork,986
Communication,986
Interviewing,986
Time Management,987
Time Management,988
,989
Management,990
Customer Service,990
Public Speaking,991
Customer Service,991
Teamwork,991
Teamwork,992
Storytelling,992
Customer Service,993
Teamwork,994
Customer Service,994
,995
,996
Leadership,997
Communication,997
Public Speaking,997
Communication,998
,999
Public Speaking,1000
Leadership,1000
Teamwork,1000
Negotiation,1000
Community Outreach,1000
Fundraising,1000
Leadership,1001
Management,1001
Public Speaking,1001
Problem Solving,1001
Business Networking,1001
Teamwork,1001
Team Leadership,1001
Customer Service,1001
Written Communication,1001
Innovation Management,1001
Communication,1002
Leadership,1002
Management,1002
,1003
Leadership,1004
Public Speaking,1004
,1005
Leadership,1006
Public Speaking,1006
Teamwork,1006
Critical Thinking,1007
Cross-functional Team Leadership,1008
Interpersonal Skills,1008
Presentation Skills,1008
Relationship Building,1008
Leadership,1008
Leadership,1009
Management,1009
Problem Solving,1009
Lead Generation,1009
,1010
Management,1011
Presentation Skills,1011
Customer Service,1012
Public Speaking,1012
Team Leadership,1012
Time Management,1012
Teamwork,1012
Public Speaking,1013
Management,1013
Qualitative Research,1014
Public Speaking,1014
Customer Service,1015
Teaching,1016
Public Speaking,1016
Leadership,1016
Leadership,1017
Customer Service,1017
Customer Handling,1017
Public Speaking,1017
Cross-functional Team Leadership,1017
,1018
Decision Making,1019
Leadership,1020
Public Speaking,1020
,1021
Teamwork,1022
Public Speaking,1022
Time Management,1022
Skilled Multi-tasker,1022
Customer Service,1023
Time Management,1023
Management,1023
Team Building,1023
Teamwork,1023
Leadership,1023
Leadership,1024
Customer Service,1024
Training,1024
Interviews,1024
Time Management,1024
Organizational Development,1024
,1025
Organization Skills,1026
Customer Service,1026
Presentation Skills,1027
Leadership,1027
,1028
Leadership,1029
Teamwork,1029
Teamwork,1030
Management,1031
,1032
Teamwork,1033
Public Speaking,1033
Time Management,1033
Skilled Multi-tasker,1033
Customer Service,1034
Time Management,1034
Management,1034
Team Building,1034
Teamwork,1034
Leadership,1034
,1035
,1036
Organization Skills,1037
Customer Service,1037
Presentation Skills,1038
Leadership,1038
Public Speaking,1039
Leadership,1039
Customer Service,1039
Management,1039
Teamwork,1039
Time Management,1039
Leadership,1040
Teamwork,1040
Teamwork,1041
,1042
Lead Generation,1043
Team Building,1043
,1044
,1045
Coaching,1046
Customer Service,1046
Public Speaking,1046
,1047
,1048
,1049
,1050
,1051
,1052
,1053
,1054
,1055
,1056
Public Speaking,1057
Teamwork,1057
Customer Service,1057
,1058
,1059
,1060
,1061
,1062
,1063
,1064
,1065
,1066
,1067
,1068
Team Leadership,1069
People Skills,1069
Public Speaking,1069
Leadership,1069
,1070
,1071
,1072
,1073
,1074
,1075
,1076
,1077
,1078
,1079
,1080
Management,1081
Public Speaking,1081
Time Management,1081
Customer Service,1081
Leadership,1081
Teamwork,1081
Fundraising,1081
Strategic Partnerships,1082
Leadership,1082
Management,1083
Employee Relations,1084
Employee Training,1084
Leadership,1084
Employee Engagement,1084
Talent Management,1084
Coaching,1084
Organization Skills,1084
Public Speaking,1084
Management,1085
Leadership,1085
Communication,1085
Training,1085
Public Speaking,1085
Communication,1086
High Organizational Skills,1086
Phone Etiquette,1086
Management,1086
Customer Service,1086
Lead Generation,1086
Leadership,1086
Teamwork,1087
Teamwork,1088
,1089
Community Management,1090
Public Speaking,1091
Management,1092
Team Management,1092
Customer Service,1093
Teamwork,1093
Community Outreach,1093
Fundraising,1093
Public Speaking,1094
Fundraising,1094
Customer Service,1094
Team Leadership,1094
Leadership,1094
Community Outreach,1095
Fundraising,1095
Leadership,1095
Presentations,1095
,1096
,1097
Strategic Thinking,1098
Team Building,1098
Public Speaking,1098
Management,1099
Leadership,1099
Time Management,1099
Critical Thinking,1099
Problem Solving,1099
Interpersonal Skills,1099
Customer Service,1100
Cross-functional Team Leadership,1100
Management,1100
Team Building,1100
Leadership,1100
Communication,1100
Lead Generation,1100
,1101
Time Management,1102
Leadership,1102
Public Speaking,1102
Team Leadership,1102
Training,1102
Customer Service,1102
Coaching,1102
Team Building,1102
Communication,1102
Negotiation,1102
Fundraising,1102
Community Outreach,1102
Problem Solving,1102
,1103
Management,1104
,1105
,1106
,1107
,1108
,1109
,1110
,1111
,1112
Problem Solving,1113
Leadership skills,1113
,1114
Public Speaking,1115
Organization Skills,1115
Customer Service,1115
Teamwork,1115
,1116
,1117
,1118
,1119
,1120
,1121
,1122
,1123
Time Management,1124
Customer Service,1124
Public Speaking,1124
Teamwork,1124
Interpersonal Skills,1124
Team Building,1124
Management,1124
,1125
,1126
,1127
,1128
,1129
,1130
,1131
,1132
,1133
,1134
Leadership,1135
Time Management,1135
Community Outreach,1135
Teamwork,1135
Management,1135
,1136
,1137
,1138
,1139
,1140
,1141
,1142
,1143
,1144
,1145
Strategic Partnerships,1146
Teaching,1146
,1147
,1148
,1149
,1150
,1151
,1152
,1153
,1154
,1155
,1156
Teamwork,1157
Time Management,1157
Team Leadership,1157
Collaborative Problem Solving,1157
,1158
,1159
,1160
,1161
,1162
,1163
,1164
,1165
,1166
,1167
,1168
,1169
,1170
,1171
,1172
Public Speaking,1173
Qualitative Research,1173
Leadership Development,1173
Leadership,1173
Communication,1173
Time Management,1173
Youth Development,1173
Management,1174
Leadership,1175
Management,1175
Talent Management,1175
Training,1175
Search,1175
Cold Calling,1175
Employee Relations,1175
Time Management,1175
Employee Engagement,1175
Strategic Partnerships,1176
Lead Generation,1176
Management,1176
Leadership,1176
Teamwork,1177
Customer Service,1177
Leadership,1178
Team Leadership,1178
Training,1178
,1179
Teamwork,1180
Organization Skills,1180
Phone Etiquette,1180
Time Management,1180
Skilled Multi-tasker,1180
Teamwork,1181
Problem Solving,1181
Teamwork,1182
Leadership,1182
Management,1182
Creativity Skills,1182
Negotiation,1182
Training,1182
Communication,1182
Public Speaking,1182
,1183
Public Speaking,1184
Leadership,1184
Teamwork,1184
Public Speaking,1185
Teamwork,1185
Customer Service,1185
Fundraising,1185
Customer Support,1185
Leadership,1185
Customer Service,1186
team work,1186
Leadership,1186
Management,1186
Public Speaking,1186
Teamwork,1186
Time Management,1186
Team Management,1186
Team Leadership,1186
Leadership,1187
Management,1187
Public Speaking,1187
Customer Service,1187
Customer Service,1188
Leadership,1188
,1189
Management,1190
Leadership,1191
Teaching,1191
Fundraising,1191
Team Leadership,1191
Teamwork,1191
Mentoring,1191
Collaborative Problem Solving,1191
Problem Solving,1191
Community Outreach,1191
Time Management,1192
Leadership,1192
Time Management,1193
Communications,1194
Fundraising,1194
Leadership,1194
Public Speaking,1194
Interpersonal Communication,1194
Customer Service,1194
,1195
Customer Service,1196
Lead Generation,1196
Management,1196
Training,1196
Coaching,1196
Cross-functional Team Leadership,1196
Cold Calling,1196
Strategic Partnerships,1196
Customer Service,1197
Management,1197
Leadership,1197
Team Building,1197
Teamwork,1197
Team Leadership,1197
Training,1197
Management,1198
Leadership,1198
Public Speaking,1198
Time Management,1198
Teamwork,1198
Team Building,1198
Communication,1198
Team Leadership,1198
Community Outreach,1198
Youth Mentoring,1198
Team Building,1199
Employee Relations,1199
Team Management,1199
Training,1199
Teamwork,1199
Team Leadership,1199
Employee Engagement,1199
,1200
Management,1201
,1202
Public Speaking,1203
Leadership,1204
Strategic Partnerships,1204
Lead Generation,1204
Strategic Partnerships,1205
Cross-functional Team Leadership,1205
Thought Leadership,1205
Management,1205
Leadership,1205
Communication,1206
People Skills,1206
Time Management,1206
Leadership,1206
Customer Service,1206
Team Building,1206
Management,1206
,1207
Team Building,1208
Team Leadership,1208
Customer Service,1208
Management,1208
Public Speaking,1208
Training,1208
Community Outreach,1208
Supervisory Skills,1208
Communication,1208
Coaching,1208
Fundraising,1208
,1209
Time Management,1210
Leadership,1210
Management,1210
Training,1210
Customer Service,1210
Public Speaking,1210
Communication,1210
Team Building,1210
Team Leadership,1210
Negotiation,1210
,1211
,1212
Leadership,1213
Training,1213
Presentation Skills,1213
Personnel Management,1213
Talent Management,1213
Employee Relations,1213
Veterans,1213
Customer Service,1214
Public Speaking,1214
Leadership,1214
Communication,1215
Teamwork,1216
Sports Coaching,1216
Presentation Skills,1216
Fundraising,1216
Teamwork,1217
Leadership,1217
,1218
Time Management,1219
Leadership,1220
Customer Service,1221
Public Speaking,1221
,1222
,1223
Time Management,1224
Customer Service,1224
Teamwork,1224
Customer Service,1225
,1226
Teamwork,1227
Presentation Skills,1227
Public Speaking,1227
Critical Thinking,1227
Customer Service,1227
Team Building,1227
Training,1227
Negotiation,1227
Management,1228
Management,1229
Leadership,1229
Team Leadership,1230
Public Speaking,1231
Customer Service,1231
Teamwork,1231
Teaching,1231
Intercultural Communication,1231
Teamwork,1232
Interpersonal Skills,1232
Interpersonal Communication,1233
Leadership,1234
Team Building,1235
Teaching,1235
Fundraising,1235
Community Outreach,1235
Management,1236
Cross-functional Team Leadership,1236
Negotiation,1236
Strategic Partnerships,1236
Leadership,1237
Sourcing,1237
Teamwork,1237
Teaching,1237
Customer Service,1237
,1238
,1239
Communication,1240
Easily Adaptable,1240
Public Speaking,1240
Management,1240
Leadership,1240
Negotiation,1240
Team Leadership,1240
,1241
Lead Generation,1242
Team Building,1242
Management,1243
Leadership,1243
Public Speaking,1243
Fundraising,1243
Leadership,1244
Teaching,1244
Management,1244
Customer Service,1244
Public Speaking,1244
Public Speaking,1245
Customer Service,1245
Leadership,1245
,1246
Organizational Leadership,1247
Conflict Resolution,1247
Team Management,1247
,1248
,1249
Customer Service,1250
Management,1250
Management,1251
Leadership,1251
Team Management,1251
Strategic Leadership,1251
Lead Generation,1252
Leadership,1253
Management,1253
Public Speaking,1253
Customer Service,1253
Teamwork,1253
Time Management,1253
Team Leadership,1253
Communication,1253
Storytelling,1254
Leadership,1254
,1255
Leadership,1256
Management,1256
Team Building,1256
Community Engagement,1257
Public Speaking,1257
Leadership,1257
Thought Leadership,1257
Customer Engagement,1257
Management,1258
Public Speaking,1258
Customer Service,1258
Teamwork,1258
Time Management,1259
Teamwork,1259
Teaching,1259
Communication,1260
,1261
Teamwork,1262
,1263
,1264
Public Speaking,1265
,1266
Customer Service,1267
Teamwork,1267
Public Speaking,1268
Leadership,1268
Teamwork,1268
Leadership,1269
Teamwork,1269
Customer Service,1269
Management,1269
Training,1269
Customer Service,1270
Leadership,1270
,1271
Management,1272
Leadership,1272
Lead Generation,1272
Public Speaking,1273
Leadership,1273
Management,1273
Teamwork,1273
Teaching,1273
Community Outreach,1273
Fundraising,1273
,1274
Management,1275
Customer Service,1275
Leadership,1275
Strategic Partnerships,1275
Teamwork,1275
Cross-functional Team Leadership,1275
communication,1276
Interpersonal Communication,1276
Leadership,1276
Customer Service,1276
Teamwork,1276
Public Speaking,1276
Communication,1276
Time Management,1276
,1277
Public Speaking,1278
Team Leadership,1278
Management,1278
Storytelling,1278
Management,1279
Leadership,1279
Time Management,1279
Critical Thinking,1279
Problem Solving,1279
Interpersonal Skills,1279
,1280
Teamwork,1281
Management,1281
Public Speaking,1281
,1282
,1283
Management,1284
Negotiation,1284
Management,1285
Team Management,1285
Coaching,1285
Business Relationship Management,1286
Communication,1286
Client Services,1286
Leadership,1286
Presentation Skills,1286
Teamwork,1287
Fundraising,1287
Community Outreach,1287
Educational Leadership,1287
Negotiation,1287
Teaching,1287
,1288
Qualitative Research,1289
Customer Service,1290
Team Leadership,1291
,1292
Teamwork,1293
Problem Solving,1293
Client Services,1293
Public Speaking,1293
Critical Thinking,1293
Communication,1293
Public Speaking,1294
Customer Service,1295
Public Speaking,1295
Fundraising,1296
Time Management,1296
Teamwork,1296
Communication,1297
Customer Service,1297
Leadership,1297
Critical Thinking,1298
Customer Service,1298
Public Speaking,1298
Public Speaking,1299
Customer Service,1299
Time Management,1300
Management,1301
Public Speaking,1302
Leadership,1302
Cross-functional Team Leadership,1303
Management,1303
Leadership,1303
Strategic Partnerships,1303
,1304
Public Speaking,1305
Training,1305
Team Building,1305
Leadership,1305
Negotiation,1305
Time Management,1305
Teaching,1305
Management,1305
Team Leadership,1305
Leadership,1306
Cross-functional Team Leadership,1307
Community Outreach,1308
Communication,1308
Public Speaking,1308
Management,1309
Customer Service,1309
Cross-functional Team Leadership,1309
Organizational Leadership,1309
Problem Solving,1309
Supervisory Skills,1309
Business Relationship Management,1309
Management,1310
Training,1310
Community Outreach,1310
Customer Service,1311
,1312
Team Leadership,1313
Creative Problem Solving,1314
Creative Solutions,1314
Customer Service,1314
Voice Acting,1314
Time Management,1315
Easily Adaptable,1315
Public Speaking,1315
Organization Skills,1315
Management,1316
Leadership,1317
Public Speaking,1317
Management,1317
Negotiation,1317
Management,1318
,1319
Leadership,1320
Management,1320
Public Speaking,1321
Leadership,1321
Teamwork,1321
Management,1321
Team Leadership,1321
Communication,1321
,1322
Management,1323
Lead Generation,1323
Public Speaking,1323
Time Management,1324
Teamwork,1324
Critical Thinking,1324
Management,1325
Strategic Partnerships,1325
,1326
,1327
Leadership Development,1328
Organizational Leadership,1328
Educational Leadership,1328
Cross-functional Team Leadership,1328
Team Leadership,1329
Management,1329
Cross-functional Team Leadership,1330
Management,1330
Lead Generation,1330
Leadership,1330
Management,1331
People Management,1331
Team Management,1331
Leadership,1331
,1332
Management,1333
Sourcing,1333
Negotiation,1333
Management,1334
Leadership,1335
Teamwork,1335
Customer Engagement,1336
Management,1337
Leadership,1337
Cross-functional Team Leadership,1337
Communication,1338
Storytelling,1338
,1339
Leadership,1340
Time Management,1340
Communication,1340
Management,1341
Team Management,1341
,1342
Team Management,1343
Management,1344
Teamwork,1344
Team Leadership,1344
Team Building,1344
Teaching,1344
Community Outreach,1344
Staff Development,1344
Organizational Development,1345
Training,1345
Management,1345
Team Building,1345
Executive Coaching,1345
Coaching,1345
Talent Management,1345
Public Speaking,1345
Employee Training,1345
Customer Service,1345
Organizational Effectiveness,1345
Career Development,1345
Strategic Partnerships,1345
Team Leadership,1345
Career Counseling,1345
Time Management,1345
Teamwork,1346
Management,1346
Time Management,1346
Leadership,1346
Public Speaking,1346
Team Leadership,1346
Communication,1346
Lead Generation,1347
Strategic Partnerships,1347
Management,1347
Public Speaking,1348
Leadership,1348
Customer Service,1348
Public Speaking,1349
,1350
Leadership,1351
Strategic Partnerships,1351
Management,1351
Lead Generation,1352
Management,1352
Leadership,1352
Organizational Development,1353
Qualitative Research,1354
Teaching,1354
Intercultural Communication,1354
Cross-functional Team Leadership,1355
Leadership,1355
Public Speaking,1355
Teamwork,1355
Senior Leadership,1355
Communication,1355
Thought Leadership,1355
Leadership,1356
Team work,1356
Presentations,1356
Public Speaking,1357
Teaching,1357
,1358
Community Management,1359
Community Engagement,1359
Business Networking,1360
Customer Service,1360
Fundraising,1360
Team Building,1360
Training,1361
Customer Service,1361
Leadership,1361
Contract Negotiation,1361
,1362
Time Management,1363
Management,1363
Training,1363
Interviews,1363
Team Building,1363
Coaching,1363
Interviewing,1363
,1364
Leadership,1365
Lead Generation,1365
Management,1365
Strategic Partnerships,1365
Community Outreach,1366
Grassroots Organizing,1366
Public Speaking,1366
,1367
Leadership,1368
Management,1368
Fundraising,1368
Public Speaking,1368
People Development,1368
Strategic Partnerships,1368
Management,1369
Cold Calling,1369
,1370
Public Speaking,1371
Management,1371
Customer Service,1372
Team Building,1372
Management,1372
,1373
Customer Service,1374
Leadership,1374
Teamwork,1374
Management,1374
Team Management,1374
Team Leadership,1374
Leadership,1375
Management,1375
Customer Service,1375
Leadership,1376
Customer Service,1376
,1377
Customer Service,1378
Teamwork,1379
Management,1379
Customer Service,1379
Communication,1379
Management,1380
Executive Management,1380
,1381
,1382
Management,1383
Leadership,1383
Customer Service,1383
,1384
Public Speaking,1385
Public Speaking,1386
Customer Service,1387
Teamwork,1387
Leadership,1388
Teamwork,1388
,1389
Leadership,1390
Team Building,1390
Interpersonal Skills,1390
Training,1390
Critical Thinking,1390
Acting,1390
,1391
Customer Service,1392
Public Speaking,1392
Leadership,1393
Employee Relations,1393
Career Counseling,1393
Management,1393
Tutoring,1394
Teaching,1394
Leadership,1395
Teamwork,1395
Public Speaking,1395
Public Speaking,1396
Leadership,1396
Negotiation,1396
Teamwork,1396
Leadership,1397
Management,1397
Public Speaking,1397
Language Teaching,1397
Acting,1397
Fundraising,1397
Volunteer Management,1397
Teamwork,1397
Community Outreach,1398
Fundraising,1398
Team Building,1398
Leadership,1398
,1399
,1400
,1401
Critical Thinking,1402
Public Speaking,1402
Leadership,1403
Presentation Skills,1403
Teamwork,1404
Communication,1404
,1405
Management,1406
Leadership,1406
Leadership,1407
Management,1407
Teamwork,1408
Customer Service,1408
Time Management,1408
Teaching,1408
Public Speaking,1408
Leadership,1408
Management,1408
Sourcing,1408
Leadership,1409
Public Speaking,1409
Time Management,1409
Teamwork,1409
Management,1409
Training,1409
Fundraising,1409
Community Outreach,1409
Management,1410
Teamwork,1411
Customer Service,1411
,1412
Customer Service,1413
Leadership,1413
Teamwork,1413
Management,1413
Team Management,1413
Team Leadership,1413
Leadership,1414
Teamwork,1414
Customer Service,1414
Time Management,1414
Communication,1414
Lead Generation,1414
Teamwork,1415
Public Speaking,1415
Customer Service,1415
Management,1415
Interviewing,1415
Storytelling,1416
Leadership,1417
,1418
Teamwork,1419
Public Speaking,1419
Leadership,1419
Working With Children,1420
Customer Service,1421
Creative Problem Solving,1421
Storytelling,1421
Communication,1422
Communication,1423
Leadership,1423
Teamwork,1424
Time Management,1424
Public Speaking,1424
,1425
Creativity Skills,1426
Teamwork,1426
Time Management,1426
Management,1426
Team Management,1426
,1427
Public Speaking,1428
Leadership,1428
Customer Service,1428
Leadership,1429
Teaching,1429
Public Speaking,1429
Fundraising,1429
Teamwork,1430
Leadership,1430
Public Speaking,1430
Management,1430
Organization Skills,1430
Presentations,1430
Teamwork,1431
Community Outreach,1431
Negotiation,1431
Leadership,1431
Management,1431
,1432
,1433
Management,1434
Leadership,1434
Time Management,1435
Team Building,1435
Team Management,1435
Management,1436
Teamwork,1436
Phone Etiquette,1437
Management,1437
Time Management,1437
Public Speaking,1437
,1438
Customer Service,1439
Teaching,1439
Team Building,1439
Fundraising,1439
Interviews,1439
Leadership,1439
Team Leadership,1440
Time Management,1440
Leadership,1440
Public Speaking,1440
Leadership,1441
Management,1441
Customer Service,1442
Teamwork,1442
Negotiation,1442
Teamwork,1443
Leadership,1443
Emotional Intelligence,1444
,1445
Management,1446
Leadership,1446
Public Speaking,1446
Teaching,1446
Communication,1446
Organization Skills,1446
Presentations,1447
Public Speaking,1447
Leadership,1447
,1448
Management,1449
Cross-functional Team Leadership,1449
,1450
Management,1451
Leadership,1451
Executive Management,1451
Strategic Partnerships,1451
Lead Generation,1451
Training,1451
Public Speaking,1452
Leadership,1452
Creative Problem Solving,1452
Design Thinking,1452
Management,1453
Teaching,1453
Public Speaking,1454
Customer Service,1454
Teamwork,1455
Leadership,1455
Public Speaking,1455
,1456
Management,1457
Teaching,1458
Design Thinking,1458
Interviewing,1458
Teamwork,1459
Customer Service,1459
Management,1459
Teaching,1459
Public Speaking,1459
Team Building,1460
Team Leadership,1460
Public Speaking,1460
Customer Service,1461
Teamwork,1461
,1462
Management,1463
Leadership,1463
Lead Generation,1463
Strategic Partnerships,1463
Management,1464
Negotiation,1464
Leadership,1464
Strategic Partnerships,1464
Team Management,1464
Customer Service,1464
Cross-functional Team Leadership,1464
Management,1465
Leadership,1465
Cross-functional Team Leadership,1465
Customer Service,1465
,1466
Public Speaking,1467
Teamwork,1467
Time Management,1467
Team Leadership,1468
Customer Service,1468
Management,1468
Teamwork,1468
,1469
Teamwork,1470
Customer Service,1470
Telephone Skills,1470
Problem Solving,1470
Team Building,1470
Time Management,1470
Public Speaking,1470
,1471
,1472
Training,1473
Customer Service,1473
Management,1473
Leadership,1473
Cross-functional Team Leadership,1473
Team Leadership,1473
Community Outreach,1474
Community Development,1474
Sales Presentations,1474
Public Speaking,1475
Teaching,1475
Management,1476
Teamwork,1477
Time Management,1477
Public Speaking,1478
Management,1478
Fundraising,1478
Volunteer Management,1478
Community Outreach,1478
Leadership,1478
Customer Service,1478
Management,1479
Teamwork,1479
Customer Service,1480
Public Speaking,1480
Management,1481
Leadership,1481
Lead Generation,1482
,1483
,1484
Team Building,1485
Time Management,1485
Negotiation,1485
,1486
,1487
Leadership,1488
Management,1488
Management,1489
Cross-functional Team Leadership,1489
Strategic Partnerships,1489
Teamwork,1490
Sports Coaching,1490
Presentation Skills,1490
Fundraising,1490
Management,1491
Strategic Partnerships,1491
Management,1492
Training,1492
,1493
Public Speaking,1494
Fundraising,1494
,1495
,1496
Management,1497
Leadership,1497
Strategic Partnerships,1497
Lead Generation,1498
Management,1499
Community Management,1499
Customer Service,1500
Teamwork,1500
Client Relations,1500
Problem Solving,1500
Leadership,1500
Management,1500
Customer Service,1501
Teamwork,1501
,1502
,1503
Teamwork,1504
Leadership,1504
Time Management,1504
Customer Service,1504
Teamwork,1505
Leadership Development,1505
Fundraising,1505
,1506
,1507
,1508
Public Speaking,1509
Management,1509
Fundraising,1509
Volunteer Management,1509
Community Outreach,1509
Leadership,1509
Customer Service,1509
Customer Service,1510
Public Speaking,1510
Management,1511
Leadership,1511
Organization Skills,1512
Leadership,1512
Teaching,1512
Community Outreach,1512
Management,1512
,1513
Team Building,1514
Time Management,1514
Negotiation,1514
,1515
,1516
Management,1517
Strategic Partnerships,1517
,1518
,1519
,1520
,1521
,1522
,1523
,1524
,1525
,1526
,1527
,1528
,1529
,1530
,1531
Management,1532
Leadership,1532
Cross-functional Team Leadership,1532
Communication,1532
Customer Service,1532
,1533
,1534
Teamwork,1535
Leadership,1535
,1536
,1537
,1538
,1539
,1540
,1541
,1542
,1543
,1544
Training,1545
Leadership,1545
Sourcing,1545
Personnel Management,1545
Employee Engagement,1545
Public Speaking,1545
Business Networking,1545
Career Counseling,1545
Community Management,1545
Community Development,1545
Community Engagement,1545
Management,1546
Time Management,1546
Leadership,1546
Teamwork,1546
Communication,1546
Problem Solving,1546
,1547
,1548
,1549
,1550
,1551
,1552
,1553
,1554
,1555
,1556
Team Leadership,1557
Public Speaking,1557
,1558
,1559
,1560
,1561
,1562
,1563
,1564
,1565
,1566
,1567
Leadership,1568
Management,1568
Public Speaking,1568
,1569
,1570
,1571
,1572
,1573
,1574
,1575
,1576
,1577
,1578
Leadership,1579
Public Speaking,1579
Customer Service,1579
Management,1579
,1580
,1581
,1582
,1583
,1584
,1585
,1586
,1587
,1588
,1589
Customer Service,1590
Teamwork,1590
Time Management,1590
Public Speaking,1590
Mentoring,1590
,1591
,1592
,1593
,1594
,1595
,1596
,1597
,1598
,1599
,1600
Management,1601
Cross-functional Team Leadership,1601
,1602
,1603
,1604
,1605
,1606
,1607
,1608
,1609
,1610
,1611
Leadership,1612
Public Speaking,1612
,1613
,1614
,1615
,1616
,1617
,1618
,1619
,1620
,1621
,1622
Leadership,1623
Customer Service,1623
,1624
,1625
,1626
,1627
,1628
,1629
,1630
,1631
,1632
,1633
,1634
,1635
,1636
,1637
,1638
,1639
,1640
,1641
,1642
,1643
,1644
,1645
Leadership,1646
Teamwork,1646
Time Management,1646
Public Speaking,1646
,1647
,1648
,1649
,1650
,1651
,1652
,1653
,1654
,1655
,1656
Team Leadership,1657
,1658
,1659
,1660
,1661
,1662
,1663
,1664
,1665
,1666
,1667
,1668
,1669
,1670
,1671
,1672
,1673
,1674
,1675
,1676
,1677
,1678
team work,1679
,1680
,1681
,1682
,1683
,1684
,1685
,1686
,1687
,1688
,1689
Customer Service,1690
Management,1690
,1691
,1692
,1693
,1694
,1695
,1696
,1697
,1698
,1699
,1700
,1701
,1702
,1703
,1704
,1705
,1706
,1707
,1708
,1709
,1710
,1711
Decision Making,1712
,1713
,1714
,1715
,1716
,1717
,1718
,1719
,1720
,1721
,1722
Customer Service,1723
Management,1723
,1724
Teamwork,1725
Communication,1725
,1726
Leadership,1727
Public Speaking,1727
Customer Service,1727
Fundraising,1727
Time Management,1728
Team Leadership,1728
Team Management,1728
Public Speaking,1728
,1729
Leadership,1730
Time Management,1730
Customer Service,1731
Teamwork,1731
Public Speaking,1731
Leadership,1731
Management,1731
,1732
,1733
Leadership,1734
Public Speaking,1734
,1735
,1736
Teamwork,1737
Public Speaking,1738
Teamwork,1738
,1739
Teamwork,1740
Management,1740
Customer Service,1740
Team Leadership,1741
Time Management,1741
Leadership,1741
Public Speaking,1741
Public Speaking,1742
Customer Service,1742
,1743
Teamwork,1744
Public Speaking,1744
Public Speaking,1745
Customer Service,1745
Leadership,1745
Management,1745
Teaching,1745
Critical Thinking,1745
Problem Solving,1745
Leadership,1746
Public Speaking,1746
Teamwork,1746
,1747
Teamwork,1748
Customer Service,1748
,1749
Leadership,1750
Customer Service,1750
Public Speaking,1750
Public Speaking,1751
Teaching,1752
Problem Solving,1752
Public Speaking,1753
Teamwork,1753
Time Management,1753
Management,1753
Customer Service,1753
Teaching,1754
Public Speaking,1754
Customer Service,1754
,1755
Management,1756
Leadership,1756
Public Speaking,1756
Fundraising,1756
,1757
,1758
Teamwork,1759
Presentations,1759
Teamwork,1760
Leadership,1760
,1761
,1762
Team Leadership,1763
Interviewing,1763
Design Thinking,1764
Management,1764
Management,1765
Leadership,1765
Training,1765
Teamwork,1765
,1766
Teamwork,1767
Customer Service,1767
Leadership,1767
Communication,1767
Problem Solving,1767
Organization Skills,1767
Team Leadership,1767
Presentation Skills,1767
Customer Service,1768
Public Speaking,1768
Communication,1768
Negotiation,1768
Client Relations Skills,1769
Fundraising,1769
Management,1769
,1770
,1771
Leadership,1772
Teamwork,1772
Public Speaking,1772
,1773
Qualitative Research,1774
Public Speaking,1774
Customer Service,1775
Management,1775
Teaching English as a Second Language,1775
Time Management,1776
Public Speaking,1776
Leadership,1776
Teamwork,1777
Management,1777
Communication,1777
Leadership,1777
Time Management,1777
Team Leadership,1777
Organizational Development,1778
Public Speaking,1778
Time Management,1778
Teamwork,1778
Emotional Intelligence,1779
Leadership,1780
Customer Service,1780
Teamwork,1780
Management,1780
Public Speaking,1780
Time Management,1780
Team Leadership,1780
Public Speaking,1781
Training,1782
Management,1782
Customer Service,1782
Leadership,1782
Time Management,1782
Leadership,1783
Teamwork,1783
Teaching,1783
Fundraising,1783
Teamwork,1784
Public Speaking,1784
Management,1784
Leadership,1784
Critical Thinking,1784
Problem Solving,1784
Time Management,1784
,1785
Community Engagement,1786
Leadership,1787
Teamwork,1787
Customer Service,1787
Management,1787
Training,1787
Management,1788
Client Relations,1788
Leadership,1789
Management,1789
Fundraising,1789
Qualitative Research,1789
Customer Service,1790
Fundraising,1790
Teamwork,1790
Leadership,1791
Teamwork,1791
Communication,1791
Customer Service,1791
Teamwork,1792
Communication,1792
Problem Solving,1792
Interpersonal Communication,1792
Employee Relations,1792
Creative Problem Solving,1793
Teamwork,1793
Leadership,1793
Management,1793
Public Speaking,1794
Customer Service,1795
Community Outreach,1795
Leadership,1795
Time Management,1795
Teamwork,1795
Public Speaking,1795
Management,1795
Teamwork,1796
Leadership,1796
Public Speaking,1796
Management,1796
Organization Skills,1796
Presentations,1796
Stakeholder Engagement,1797
Leadership,1797
Customer Service,1797
Organizational Development,1797
Teamwork,1797
Teamwork,1798
Time Management,1798
Customer Service,1798
Leadership,1798
Teamwork,1799
Leadership,1799
Communication,1799
Presentations,1800
,1801
,1802
,1803
Teamwork,1804
Leadership,1804
Public Speaking,1805
Customer Service,1805
,1806
,1807
Training,1808
Customer Service,1808
Public Speaking,1808
Negotiation,1808
Communication,1808
Time Management,1808
Teamwork,1808
Management,1809
Customer Service,1809
Training,1809
Teamwork,1810
Customer Service,1810
Management,1810
Teaching,1810
Public Speaking,1810
Leadership,1811
Public Speaking,1811
Customer Service,1811
Communication,1811
Time Management,1811
Interpersonal Skills,1811
Organization Skills,1811
Cold Calling,1812
Sales Presentations,1812
Team Building,1812
Customer Support,1812
Customer Service,1813
Public Speaking,1814
Teaching,1814
Leadership,1815
Management,1815
Teamwork,1815
Customer Service,1816
Teamwork,1817
Customer Service,1817
Telephone Skills,1817
Training,1817
Time Management,1817
Public Speaking,1818
Leadership,1818
Team Management,1818
Fundraising,1818
Contract Negotiation,1819
Management,1819
Customer Service,1819
Teaching,1820
Intercultural Communication,1820
Tutoring,1820
,1821
,1822
Public Speaking,1823
Teaching,1823
Language Teaching,1823
Leadership,1823
Interpersonal Skill,1823
Customer Service,1823
Management,1823
Negotiation,1823
Team Leadership,1823
,1824
Leadership,1825
Communication,1825
,1826
Public Speaking,1827
Leadership,1827
Public Speaking,1828
Leadership,1828
Teamwork,1828
Management,1828
Team Leadership,1828
Communication,1828
Teamwork,1829
Customer Service,1829
Leadership,1829
,1830
,1831
,1832
,1833
,1834
Team Leadership,1835
Intercultural Communication,1835
,1836
Public Speaking,1837
Teamwork,1837
Customer Service,1837
Leadership,1837
Time Management,1838
Public Speaking,1838
Management,1838
Customer Service,1838
Teaching,1838
Organizational Development,1839
Training,1839
Executive Management,1839
Thought Leadership,1839
Personnel Management,1839
Executive Coaching,1839
Public Speaking,1839
Organizational Effectiveness,1839
Employee Engagement,1839
Performance Improvement,1839
Career Development,1839
Management,1840
Strategic Partnerships,1840
,1841
,1842
,1843
,1844
,1845
Leadership,1846
Customer Service,1846
Management,1846
Strategic Partnerships,1847
Telephone Skills,1848
Leadership,1848
Public Speaking,1849
Management,1849
Sellers,1850
Teacher Training,1850
Teamwork,1851
Customer Service,1851
Public Speaking,1851
Time Management,1851
Presentations,1851
Teamwork,1852
Customer Service,1852
Public Speaking,1852
Time Management,1852
Management,1852
Time management,1852
Teamwork,1853
Public Speaking,1853
Customer Service,1853
Management,1854
Team Management,1854
,1855
Team Management,1856
Leadership,1857
Teamwork,1857
Management,1857
Customer Service,1858
Time Management,1858
Management,1858
Team Building,1858
Teamwork,1858
Leadership,1858
Leadership,1859
Customer Service,1859
Public Speaking,1859
Customer Service,1860
Teamwork,1860
Time Management,1860
Leadership,1860
Leadership,1861
Public Speaking,1861
Management,1861
Soft Skills,1861
Negotiation,1861
Customer Service,1862
Employee Relations,1862
Interviewing,1862
,1863
Management,1864
Training,1864
Time Management,1864
Leadership,1864
Team Leadership,1864
Teamwork,1864
,1865
Customer Service,1866
Management,1866
Leadership,1866
,1867
Teamwork,1868
Public Speaking,1868
Community Engagement,1868
Business Relationship Management,1868
Relationship Building,1868
Written Communications,1868
,1869
Training,1870
Management,1870
Fundraising,1871
Team Leadership,1872
Creative Solutions,1872
Decision Making,1872
Organization Skills,1872
,1873
,1874
,1875
,1876
,1877
,1878
,1879
Leadership,1880
,1881
,1882
,1883
,1884
,1885
,1886
,1887
,1888
,1889
,1890
Customer Service,1891
Teamwork,1891
Time Management,1891
Communication,1891
,1892
,1893
,1894
,1895
,1896
,1897
,1898
,1899
,1900
,1901
Problem Solving,1902
Leadership,1902
Management,1902
,1903
,1904
,1905
,1906
Management,1907
Public Speaking,1907
Customer Service,1907
Teamwork,1907
Leadership,1908
Teamwork,1908
Communication,1908
Public Speaking,1909
,1910
,1911
,1912
,1913
Working With Children,1914
At Multitasking,1914
Childcare,1914
Customer Service,1914
Problem Solving,1914
Decision-Making,1914
Public Speaking,1914
Teamwork,1915
Teamwork,1916
Management,1916
Leadership,1917
Public Speaking,1917
Teamwork,1917
,1918
Public Speaking,1919
Management,1919
Customer Service,1919
Leadership,1919
Teaching,1919
Team Leadership,1919
Teamwork,1919
,1920
Time Management,1921
Creative Problem Solving,1921
Management,1922
Customer Service,1922
Public Speaking,1922
Customer Service,1923
Public Speaking,1923
Leadership,1923
Public Speaking,1924
Leadership,1924
Teamwork,1924
Negotiation,1924
Community Outreach,1924
Fundraising,1924
,1925
Teamwork,1926
Customer Service,1927
Leadership,1927
Team Building,1927
Public Speaking,1928
Leadership,1928
Leadership,1929
Teaching,1929
Public Speaking,1929
Fundraising,1929
Conflict Resolution,1930
Problem Solving,1930
Customer Service,1931
Public Speaking,1931
Teamwork,1931
Leadership,1931
Management,1931
,1932
Community Outreach,1933
Customer Service,1933
Public Speaking,1933
Teaching,1934
Public Speaking,1934
Time Management,1934
Organization Skills,1935
Customer Service,1935
Teamwork,1936
Management,1936
,1937
Customer Service,1938
Strategic Partnerships,1938
Public Speaking,1939
Negotiation,1940
Arbitration,1940
Dispute Resolution,1940
Management,1940
Team Leadership,1941
Public Speaking,1941
Customer Service,1941
Management,1941
Team Building,1941
Organizational Effectiveness,1941
Communication,1941
Teamwork,1941
Team Leadership,1942
Public Speaking,1942
Management,1942
Customer Service,1942
Time Management,1942
Leadership,1943
Management,1943
Fundraising,1944
Time Management,1944
Teamwork,1944
,1945
Public Speaking,1946
Time Management,1946
Customer Service,1946
Management,1946
Leadership,1946
Interviews,1946
,1947
Student Leadership,1948
Teamwork,1948
Time Management,1948
Public Speaking,1949
Leadership,1949
Time Management,1949
Customer Service,1949
Teamwork,1949
Communication,1950
Teamwork,1950
Team Leadership,1950
Public Speaking,1950
,1951
Customer Service,1952
Management,1953
Leadership,1953
Negotiation,1953
Customer Service,1953
Public Speaking,1953
Time Management,1953
Teamwork,1953
Interpersonal Skills,1953
Public Speaking,1954
Customer Service,1954
Team Leadership,1954
Leadership Development,1954
Management,1954
Teamwork,1954
Leadership,1954
Cross-functional Team Leadership,1954
Team Building,1954
Public Speaking,1955
Presentations,1955
Teamwork,1955
Teaching,1955
Problem Solving,1956
Strategic Thinking,1956
Critical Thinking,1956
Leadership,1957
Communication,1957
Public Speaking,1957
,1958
Team Leadership,1959
Motivational Speaking,1959
,1960
,1961
,1962
,1963
,1964
,1965
,1966
,1967
,1968
Leadership,1969
,1970
,1971
Training,1972
Leadership,1972
Organizational Development,1972
Management,1972
Talent Management,1972
Personnel Management,1972
Employee Training,1972
Employee Engagement,1972
Interviews,1972
Interviewing,1972
Critical Thinking,1973
Complex Problem Solving,1973
,1974
Organizational Effectiveness,1975
Public Speaking,1975
Teamwork,1976
Organizational Effectiveness,1976
Public Speaking,1976
Management,1976
Leadership,1976
Time Management,1976
Presentations,1976
Visual Communication,1977
Design Thinking,1977
Leadership,1977
Customer Service,1978
Public Speaking,1978
Team Leadership,1978
Leadership,1978
Public Speaking,1979
Teaching,1979
Public Speaking,1980
Teamwork,1980
Problem Solving,1980
Customer Service,1981
Management,1981
Team Building,1981
Leadership,1981
Customer Service,1982
Employee Training,1982
Communication,1982
Employee Engagement,1982
Problem Solving,1982
Employee Relations,1982
Interpersonal Skills,1982
Skilled Multi-tasker,1982
Customer Service,1983
Time Management,1983
Communication,1984
Teamwork,1984
Team Management,1984
Time Management,1984
Leadership,1984
Problem Solving,1985
Customer Service,1985
Team Leadership,1985
Public Speaking,1986
Leadership,1986
Management,1987
Leadership,1987
Team Building,1987
Teamwork,1988
Communication,1988
Fundraising,1988
Leadership,1989
Public Speaking,1989
Teamwork,1990
Leadership,1990
,1991
Public Speaking,1992
Leadership,1992
Communication,1992
Youth Mentoring,1992
Time Management,1992
Customer Service,1992
Lead Generation,1992
Team Leadership,1993
Employee Relations,1994
Employee Training,1994
Leadership,1994
Employee Engagement,1994
Talent Management,1994
Coaching,1994
Organization Skills,1994
Public Speaking,1994
Leadership,1995
Leadership,1996
Customer Service,1997
Public Speaking,1998
Teamwork,1998
Time Management,1998
Management,1998
Customer Service,1998
Team Building,1998
Teamwork,1999
Public Speaking,1999
Leadership,1999
Management,1999
Employee Training,1999
Communication,1999
Leadership,2000
Teamwork,2000
Public Speaking,2000
Customer Service,2000
Management,2000
,2001
Public Speaking,2002
Teamwork,2002
Customer Service,2002
Public Speaking,2003
Customer Service,2003
Leadership,2003
Management,2004
Customer Service,2004
Teamwork,2004
Team Management,2004
Team Leadership,2005
Public Speaking,2005
Teamwork,2006
Management,2006
Fundraising,2007
Customer Service,2007
Mediation,2007
Negotiation,2007
Team Building,2008
Leadership,2008
Management,2008
,2009
Team Management,2010
Leadership,2010
Organization Skills,2010
Public Speaking,2010
,2011
,2012
,2013
,2014
,2015
,2016
,2017
,2018
,2019
,2020
,2021
,2022
,2023
Leadership,2024
Public Speaking,2024
Management,2024
Customer Service,2024
Communication,2024
,2025
,2026
,2027
,2028
,2029
,2030
Customer Service,2031
Employee Relations,2031
Interviewing,2031
Customer Service,2032
Management,2032
Negotiation,2032
,2033
,2034
Time Management,2035
Customer Service,2035
Public Speaking,2036
,2037
,2038
Communication,2039
Teamwork,2039
Team Management,2039
Time Management,2039
Leadership,2039
Management,2040
Leadership,2041
Public Speaking,2041
Customer Service,2041
Teamwork,2042
Customer Service,2042
Management,2042
Time Management,2042
Time Management,2043
Customer Service,2043
Telephone Skills,2043
Team Leadership,2043
Public Speaking,2043
Communication,2043
Time Management,2044
Communication,2044
Problem Solving,2044
Collaborative Problem Solving,2044
Team Leadership,2044
Leadership,2045
Public Speaking,2045
Teamwork,2045
Qualitative Research,2046
Time Management,2047
Customer Service,2047
Fundraising,2047
Teamwork,2048
Teamwork,2049
Time Management,2049
Customer Service,2049
Management,2049
Team Leadership,2049
Communication,2049
Public Speaking,2049
Public Speaking,2050
Time Management,2050
Communication,2050
Team Leadership,2051
Team Management,2051
Teamwork,2051
,2052
Teamwork,2053
Time Management,2054
Leadership,2054
Public Speaking,2054
Team Leadership,2054
Training,2054
Customer Service,2054
Coaching,2054
Team Building,2054
Communication,2054
Negotiation,2054
Fundraising,2054
Community Outreach,2054
Problem Solving,2054
,2055
Team Leadership,2056
Public Speaking,2056
Customer Service,2056
Management,2056
Team Building,2056
Organizational Effectiveness,2056
Communication,2056
Teamwork,2056
Management,2057
Leadership,2057
Public Speaking,2057
Public Speaking,2058
Team Leadership,2059
,2060
,2061
,2062
Public Speaking,2063
Leadership,2063
Interviews,2064
,2065
Public Speaking,2066
Team Management,2066
Customer Service,2066
Teamwork,2066
Leadership,2066
Cross-functional Team Leadership,2066
Problem Solving,2066
Problem Solving,2067
Leadership skills,2067
,2068
Management,2069
Leadership,2069
Management,2070
Public Speaking,2070
Leadership,2070
Teamwork,2071
Fundraising,2071
Public Speaking,2071
Community Outreach,2071
,2072
Public Speaking,2073
Leadership,2073
Customer Service,2073
Teamwork,2073
Public Speaking,2074
Teamwork,2074
Time Management,2074
Management,2074
Customer Service,2074
Team Building,2074
Teamwork,2075
Time Management,2075
Public Speaking,2075
,2076
,2077
Team Leadership,2078
Presentations,2078
Time Management,2078
,2079
Communication,2080
Teamwork,2080
Leadership,2080
Public Speaking,2081
Management,2081
,2082
,2083
Customer Service,2084
Leadership,2084
Public Speaking,2084
Negotiation,2084
Management,2084
Training,2084
Problem Solving,2084
Customer Service,2085
Management,2085
Leadership,2085
Cross-functional Team Leadership,2085
Team Leadership,2085
Team Building,2085
Training,2085
Leadership Development,2085
Organizational Development,2085
Employee Relations,2085
Management,2086
Teamwork,2086
Public Speaking,2086
Leadership,2087
Customer Service,2088
Management,2088
Time Management,2088
Time Management,2089
Customer Service,2089
Public Speaking,2089
Management,2089
Public Speaking,2090
Management,2090
Time Management,2090
Employee Relations,2090
Interviews,2090
Coaching,2090
Negotiation,2090
Customer Service,2091
Public Speaking,2091
Customer Service,2092
Leadership,2092
Communication,2092
Management,2092
People Skills,2093
Customer Service,2093
Public Speaking,2093
Time Management,2093
Leadership,2093
People Management,2093
Public Speaking,2094
Time Management,2094
Management,2095
People Management,2095
Team Management,2095
Leadership,2095
Critical Thinking,2096
Public Speaking,2096
Leadership,2097
Management,2097
Time Management,2097
Communication,2097
Customer Service,2097
Public Speaking,2098
Management,2098
Communication,2099
Time Management,2099
Team Leadership,2099
Public Speaking,2099
Management,2099
Critical Thinking,2099
Team Building,2099
Creativity Skills,2099
Customer Service,2099
Presentations,2099
Public Speaking,2100
Leadership,2100
Organizational Effectiveness,2100
Teamwork,2100
Time Management,2100
Customer Service,2100
Cold Calling,2100
Communication,2100
Organization Skills,2101
Time Management,2101
Communication,2101
Teamwork,2101
Customer Service,2101
Leadership,2101
,2102
Customer Service,2103
Management,2103
Public Speaking,2103
Teamwork,2103
Time Management,2103
Management,2104
Communication,2104
Public Speaking,2105
Customer Service,2105
Teaching,2105
Teamwork,2106
Cross-functional Team Leadership,2107
Leadership,2108
Teaching,2108
,2109
Public Speaking,2110
Team Leadership,2110
Critical Thinking,2110
Teamwork,2110
Communication,2110
Teamwork,2111
Communication,2111
Customer Service,2111
Fundraising,2111
Training,2112
Teamwork,2112
Public Speaking,2112
Leadership,2113
Public Speaking,2114
Presentations,2114
Teamwork,2114
Teaching,2114
,2115
Time Management,2116
Customer Service,2116
Teamwork,2116
Community Outreach,2117
Communication,2117
Organizational Effectiveness,2117
Leadership,2117
Fundraising,2117
Public Speaking,2118
Customer Service,2118
Fundraising,2118
Organization Skills,2118
Management,2118
Team Leadership,2118
Communication,2118
Time Management,2118
Leadership,2119
Community Outreach,2120
Team Building,2120
Teaching,2120
Management,2120
Teamwork,2120
Time Management,2121
Leadership,2121
Customer Service,2121
Teamwork,2122
Organization Skills,2122
Phone Etiquette,2122
Time Management,2122
Skilled Multi-tasker,2122
Presentations,2123
Management,2124
,2125
Leadership,2126
Customer Service,2126
Time Management,2127
Public Speaking,2127
Customer Service,2127
Teamwork,2127
Communication,2127
,2128
Teamwork,2129
Management,2129
,2130
,2131
,2132
,2133
,2134
Public Speaking,2135
,2136
,2137
,2138
,2139
,2140
,2141
,2142
,2143
,2144
,2145
Public Speaking,2146
Customer Service,2146
Fundraising,2146
,2147
,2148
,2149
,2150
,2151
,2152
,2153
,2154
,2155
,2156
,2157
,2158
,2159
Interviews,2160
Public Speaking,2160
Interviewing,2160
Leadership,2160
Personnel Management,2160
Community Outreach,2160
Customer Service,2161
Public Speaking,2161
Leadership,2161
Teamwork,2161
Management,2161
,2162
Public Speaking,2163
Customer Service,2163
,2164
Public Speaking,2165
Teamwork,2165
Management,2165
Communication,2166
Teamwork,2166
Presentations,2166
Interpersonal Communication,2166
Public Speaking,2167
Time Management,2167
Teamwork,2167
Customer Service,2167
Teamwork,2168
Leadership,2168
Leadership,2169
Teamwork,2169
Time Management,2169
Public Speaking,2169
Employee Training,2169
Training,2169
Training & Development,2169
Leadership,2170
Customer Service,2170
Management,2170
Leadership,2171
Public Speaking,2171
Leadership,2172
Teamwork,2172
Customer Service,2172
Management,2172
Teaching,2172
Customer Service,2173
Fundraising,2173
Organization Skills,2174
Leadership,2174
Customer Service,2174
Time Management,2174
Community Outreach,2175
Youth Mentoring,2175
Time Management,2175
Design Thinking,2175
Problem Solving,2175
Teamwork,2175
Time Management,2176
Public Speaking,2176
,2177
Communication,2178
,2179
Leadership,2180
Community Outreach,2180
Qualitative Research,2180
Public Speaking,2180
Management,2180
Leadership,2181
Client Relations,2182
Customer Service,2182
Team Leadership,2182
Customer Service,2183
Management,2183
Teaching,2183
Teamwork,2183
Teamwork,2184
Team Management,2184
Time Management,2184
Team Leadership,2184
Public Speaking,2184
Teaching,2184
Customer Service,2184
Team Building,2184
Management,2184
Leadership,2184
,2185
Public Speaking,2186
Management,2186
,2187
Team Leadership,2188
Critical Thinking,2188
Customer Service,2188
Fundraising,2188
,2189
,2190
,2191
,2192
Management,2193
Leadership,2193
Customer Service,2193
Public Speaking,2194
Teamwork,2194
Leadership,2194
Teamwork,2195
Leadership,2195
Public Speaking,2195
Time Management,2195
Customer Service,2195
Team Leadership,2195
Sports Coaching,2195
Communication,2195
Coaching,2195
Training,2195
,2196
Management,2197
Teaching,2198
Community Outreach,2198
Customer Service,2198
Customer Service,2199
Teamwork,2199
Public Speaking,2200
Leadership,2200
Communication,2200
Teamwork,2200
Management,2200
Interviewing,2200
,2201
Training,2202
Time Management,2202
Customer Service,2202
Teamwork,2202
Employee Relations,2202
Management,2202
Public Speaking,2203
Teamwork,2203
Customer Service,2203
Leadership,2203
,2204
Teamwork,2205
Time Management,2205
Customer Service,2206
,2207
,2208
,2209
Leadership,2210
Management,2211
Leadership,2211
Training,2211
Public Speaking,2212
Leadership,2212
Training,2212
,2213
Public Speaking,2214
Leadership,2214
Teamwork,2214
Leadership,2215
Customer Service,2215
Public Speaking,2215
Teamwork,2215
,2216
Management,2217
Problem Solving,2217
Customer Service,2217
Critical Thinking,2217
Teamwork,2217
Public Speaking,2217
Organization Skills,2218
Customer Service,2218
Public Speaking,2218
Tutoring,2219
,2220
Teamwork,2221
Customer Service,2221
Leadership,2221
Management,2221
Communication,2221
Decision-Making,2221
Personal Development,2221
Coaching,2221
Mentoring,2221
Talent Management,2221
Organizational Leadership,2222
Team Building,2222
Community Outreach,2222
Interviews,2222
Presentations,2222
,2223
,2224
Team Leadership,2225
Customer Service,2225
Teamwork,2225
Public Speaking,2225
,2226
,2227
,2228
,2229
,2230
Fundraising,2231
Management,2232
Time Management,2232
Organizational Development,2232
Leadership,2233
Teamwork,2233
Time Management,2233
Management,2233
,2234
Teamwork,2235
Customer Service,2236
Team Leadership,2236
Management,2236
Public Speaking,2236
Leadership,2236
Organizational Effectiveness,2236
Time Management,2236
Teamwork,2236
Communication,2236
Relationship Building,2236
Leadership,2237
,2238
Time Management,2239
Teamwork,2239
Customer Service,2239
Fundraising,2239
Public Speaking,2239
,2240
Management,2241
Customer Service,2241
Public Speaking,2241
,2242
Problem Solving,2243
Team Leadership,2243
Volunteer Management,2243
Leadership,2243
Youth Mentoring,2243
Teamwork,2244
Leadership,2244
Customer Service,2244
Public Speaking,2244
Mentoring,2245
Teamwork,2245
Youth Mentoring,2245
Customer Service,2245
Leadership,2246
Customer Service,2246
Public Speaking,2246
Management,2246
Public Speaking,2247
Presentations,2247
Leadership,2247
Teaching,2248
Public Speaking,2248
Classroom,2248
Staff Development,2248
Problem Solving,2248
Public Speaking,2249
Teaching,2249
Fundraising,2250
Public Speaking,2250
Leadership,2250
Management,2250
Phone Etiquette,2250
Leadership,2251
Public Speaking,2251
Team Building,2251
Team Leadership,2251
Team Management,2251
Problem Solving,2251
Teaching,2252
Leadership,2252
Team Leadership,2252
Team Management,2252
,2253
Public Speaking,2254
Fundraising,2254
,2255
Public Speaking,2256
Fundraising,2256
Training,2256
Community Outreach,2256
Management,2256
Leadership,2256
Customer Service,2256
Teamwork,2256
,2257
,2258
Public Speaking,2259
Customer Service,2259
,2260
Public Speaking,2261
Management,2261
,2262
Leadership,2263
Management,2263
Student Leadership,2263
Public Speaking,2263
Teamwork,2263
Team Management,2263
Communication,2264
Time Management,2264
Leadership,2265
Team Leadership,2265
Cross-functional Team Leadership,2265
Customer Service,2265
Team Building,2265
Time Management,2266
,2267
,2268
Presentation Skills,2269
,2270
,2271
Public Speaking,2272
Teamwork,2272
Leadership,2272
,2273
Time Management,2274
Team Leadership,2274
Leadership,2274
Public Speaking,2274
Customer Service,2275
Management,2275
Public Speaking,2275
Leadership,2276
Childcare,2276
Teamwork,2276
Sourcing,2276
Interviews,2276
Client Services,2276
Teamwork,2277
Organizational Effectiveness,2277
Public Speaking,2277
Management,2277
Leadership,2277
Time Management,2277
Presentations,2277
Leadership,2278
,2279
Customer Service,2280
Management,2280
Public Speaking,2280
Leadership,2280
Leadership,2281
Time Management,2281
Community Outreach,2281
Teamwork,2281
Management,2281
Management,2282
,2283
,2284
,2285
Communication,2286
Leadership,2287
Management,2287
Customer Service,2288
Teamwork,2288
Public Speaking,2288
Time Management,2288
Communication,2288
Time Management,2289
Team Building,2289
Customer Service,2289
Team Leadership,2289
Problem Solving,2289
Public Speaking,2289
Communication,2289
Leadership,2289
,2290
,2291
Teamwork,2292
Teamwork,2293
Customer Service,2293
Time Management,2293
,2294
Fundraising,2295
Leadership Development,2295
Teaching,2295
Volunteer Management,2295
Community Development,2295
,2296
Teamwork,2297
Qualitative Research,2297
Customer Service,2297
Focus Groups,2297
Teamwork,2298
Fundraising,2298
Time Management,2298
Customer Service,2298
Problem Solving,2299
Team Building,2299
Teamwork,2299
Decision-Making,2299
Management,2300
Negotiation,2300
Lead Generation,2300
Contract Negotiation,2300
Customer Service,2300
Leadership,2300
Team Building,2300
,2301
,2302
,2303
Community Outreach,2304
Fundraising,2304
Tutoring,2304
Teamwork,2305
Public Speaking,2305
Management,2305
Time Management,2305
Leadership,2305
Communication,2305
Critical Thinking,2305
Team Leadership,2305
Customer Service,2305
Communication,2306
Management,2307
Cross-functional Team Leadership,2307
Communication,2307
Leadership,2308
Business Relationship Management,2308
Negotiation,2308
Leadership,2309
Team Leadership,2309
Organization Skills,2309
Community Outreach,2309
Teamwork,2309
Teaching,2310
Leadership,2310
,2311
Teamwork,2312
Public Speaking,2312
Public Speaking,2313
Customer Service,2313
Teamwork,2313
Teaching,2313
Intercultural Communication,2313
,2314
Public Speaking,2315
Fundraising,2315
Community Outreach,2315
Customer Service,2316
Public Speaking,2316
Time Management,2316
Management,2316
Leadership,2317
Teaching,2317
Creative Problem Solving,2317
Management,2317
Tutoring,2317
Fundraising,2317
Community Development,2317
Customer Service,2318
Employee Relations,2318
Team Building,2318
Management,2318
Public Speaking,2318
Teamwork,2318
Leadership,2318
Time Management,2318
Team Leadership,2318
Interviews,2318
Public Speaking,2319
Communication,2319
Leadership,2320
Leadership,2321
,2322
Customer Service,2323
Management,2323
Public Speaking,2324
Leadership,2324
Communication,2324
Customer Service,2324
Training,2324
Management,2324
Team Leadership,2324
Lead Generation,2324
Sales Presentations,2324
Problem Solving,2324
communication,2324
Management,2325
Leadership,2325
,2326
,2327
Teamwork,2328
Customer Service,2328
Management,2328
Time Management,2328
Public Speaking,2328
Teaching,2328
Leadership,2328
Team Leadership,2328
Written Communication,2328
Creative Problem Solving,2328
Management,2329
Public Speaking,2329
Team Leadership,2329
Team Building,2329
Teaching,2329
Training,2329
Teamwork,2329
Time Management,2329
Communication,2329
Fundraising,2329
Community Outreach,2329
Coaching,2329
Leadership Development,2329
Teamwork,2330
Time Management,2330
Fundraising,2330
Customer Service,2330
Qualitative Research,2331
Public Speaking,2332
Qualitative Research,2332
Fundraising,2332
Leadership,2332
Teamwork,2332
Organizational Leadership,2333
Presentations,2333
Training,2333
Training Delivery,2333
Teacher Training,2333
,2334
Leadership,2335
Teamwork,2335
Team Leadership,2335
,2336
Qualitative Research,2337
Public Speaking,2337
Leadership,2337
Time Management,2338
Organizational Effectiveness,2338
Communication,2339
Teamwork,2339
Critical Thinking,2339
Public Speaking,2339
Teamwork,2340
Public Speaking,2340
Team Leadership,2340
Time Management,2340
Management,2340
Sales Presentations,2340
Public Speaking,2341
Public Speaking,2342
Management,2343
Teamwork,2344
Public Speaking,2345
Leadership,2345
Customer Service,2346
Teamwork,2346
Management,2347
Management,2348
Strategic Partnerships,2348
Resellers,2348
Cross-functional Team Leadership,2348
Team Building,2348
Time Management,2348
Customer Service,2348
Stakeholder Management,2348
Team Leadership,2348
,2349
,2350
Teamwork,2351
Public Speaking,2351
Customer Service,2351
Team Management,2352
Customer Service,2352
Community Outreach,2352
Time Management,2352
Leadership,2352
Client Relations,2352
Problem Solving,2352
Leadership,2353
Time Management,2353
Management,2353
Teaching,2353
Teamwork,2353
Training,2353
Coaching,2353
Childcare,2353
Leadership,2354
Teamwork,2354
Time Management,2354
Teamwork,2355
Public Speaking,2355
Customer Service,2355
Leadership,2355
Time Management,2355
Teamwork,2356
Teaching,2356
Customer Service,2356
Management,2356
Community Outreach,2356
,2357
,2358
,2359
,2360
,2361
,2362
,2363
,2364
,2365
,2366
,2367
Public Speaking,2368
Fundraising,2368
Customer Service,2368
Teamwork,2368
,2369
,2370
,2371
,2372
,2373
,2374
,2375
,2376
,2377
,2378
,2379
,2380
,2381
,2382
,2383
,2384
,2385
,2386
,2387
,2388
,2389
Storytelling,2390
Radio Host,2390
,2391
,2392
,2393
,2394
,2395
,2396
,2397
,2398
,2399
,2400
,2401
,2402
,2403
,2404
,2405
,2406
,2407
,2408
,2409
,2410
,2411
,2412
,2413
,2414
,2415
,2416
,2417
,2418
,2419
,2420
,2421
,2422
,2423
,2424
,2425
,2426
,2427
,2428
,2429
,2430
,2431
,2432
,2433
,2434
,2435
,2436
,2437
,2438
,2439
,2440
,2441
,2442
,2443
,2444
,2445
Teamwork,2446
Communication,2446
,2447
,2448
,2449
,2450
,2451
,2452
,2453
,2454
,2455
,2456
Public Speaking,2457
Leadership,2457
Teamwork,2457
Customer Service,2457
,2458
,2459
,2460
,2461
,2462
,2463
,2464
,2465
,2466
,2467
Organizational Development,2468
,2469
,2470
,2471
,2472
,2473
,2474
,2475
,2476
,2477
,2478
,2479
Negotiation,2480
Soft Skills,2481
Student Counseling,2481
,2482
,2483
,2484
,2485
,2486
,2487
,2488
,2489
,2490
,2491
,2492
,2493
,2494
,2495
,2496
,2497
,2498
,2499
,2500
Public Speaking,2501
,2502
,2503
,2504
,2505
,2506
,2507
,2508
,2509
,2510
,2511
Teaching,2512
Leadership,2512
Fundraising,2512
Customer Service,2512
Community Outreach,2512
Customer Service,2513
,2514
,2515
,2516
,2517
,2518
,2519
,2520
,2521
,2522
,2523
Teamwork,2524
Leadership,2524
Public Speaking,2524
,2525
,2526
,2527
,2528
,2529
,2530
,2531
,2532
,2533
,2534
,2535
,2536
,2537
,2538
Public Speaking,2539
Leadership,2539
Customer Service,2539
Time Management,2539
Management,2539
Teamwork,2539
,2540
,2541
Communication,2542
Time Management,2542
Customer Service,2543
Management,2544
Leadership,2545
Teamwork,2545
Management,2545
Customer Service,2545
Communication,2545
Problem Solving,2545
Customer Service,2546
Teamwork,2546
Time Management,2547
Public Speaking,2547
Leadership,2547
Customer Service,2548
Communication,2548
Teamwork,2549
Teamwork,2550
Presentation Skills,2550
Leadership,2550
Public Speaking,2550
Time Management,2550
Social Skills,2551
Customer Service,2552
Management,2552
Time Management,2552
Training,2552
Leadership Development,2552
Coaching,2552
Employee Training,2552
Organizational Leadership,2552
,2553
Customer Service,2554
Management,2554
Leadership,2554
Teamwork,2554
Employee Relations,2555
Leadership,2555
Time Management,2555
Management,2555
Customer Service,2556
Thought Leadership,2556
Leadership,2557
Customer Service,2557
Time Management,2558
Teamwork,2558
Customer Service,2558
Supervisory Skills,2558
Client Services,2558
Public Speaking,2559
Teaching,2559
Management,2560
Strategic Partnerships,2560
Decision-Making,2560
Written Communication,2560
Problem Solving,2560
Skilled Multi-tasker,2560
Leadership,2561
Teamwork,2561
Customer Service,2561
Leadership,2562
Customer Service,2562
Management,2562
Time Management,2562
Teamwork,2562
Public Speaking,2562
,2563
Customer Service,2564
Creative Problem Solving,2564
Interpersonal Communication,2564
Management,2565
Sourcing,2565
Cold Calling,2565
Customer Service,2565
Team Building,2565
Time Management,2565
Interviews,2565
Leadership Development,2565
Employee Relations,2565
Time Management,2566
Team Leadership,2566
Customer Service,2566
People Skills,2566
CRO,2566
Leadership,2567
Customer Service,2567
Training,2567
Management,2567
Customer Service,2568
Interpersonal Skill,2568
Management,2569
Leadership,2569
Time Management,2569
Public Speaking,2569
Customer Service,2570
Management,2570
Leadership,2571
Teamwork,2571
Public Speaking,2571
Customer Service,2571
Training,2571
Team Leadership,2571
Team Building,2571
Management,2572
Leadership,2572
,2573
Management,2574
Leadership,2574
Team Management,2574
Public Speaking,2574
Negotiation,2574
Customer Service,2574
Teamwork,2575
Customer Service,2575
Communication,2575
Training,2575
Management,2576
Leadership,2576
Public Speaking,2576
Time Management,2576
Teamwork,2576
Team Building,2577
Leadership,2577
Management,2577
Critical Thinking,2578
Time Management,2578
Stakeholder Management,2578
,2579
,2580
Management,2581
Customer Service,2581
Teaching,2581
Training,2581
Communication,2581
Management,2582
Customer Service,2582
Teamwork,2583
Public Speaking,2583
Leadership,2583
Time Management,2583
Management,2583
Communication,2584
Time Management,2584
Strategic Thinking,2584
Employee Training,2584
Organizational Development,2584
Organizational Effectiveness,2584
Time Management,2585
Fundraising,2585
Cold Calling,2585
Leadership,2585
,2586
Customer Service,2587
Leadership,2587
Communication,2587
Teamwork,2587
Community Outreach,2587
Fundraising,2587
Problem Solving,2587
Customer Service,2588
Management,2588
Teaching,2589
Time Management,2590
Organizational Effectiveness,2590
Customer Service,2591
Team Building,2592
Management,2592
Customer Service,2592
Contract Negotiation,2592
Leadership,2592
Problem Solving,2593
Management,2593
Team Management,2593
Team Leadership,2593
Customer Service,2594
Leadership,2594
Time Management,2594
Teamwork,2594
Team Building,2594
Community Development,2594
Leadership,2595
Public Speaking,2595
Fundraising,2596
Teamwork,2597
Management,2597
Leadership,2597
Public Speaking,2597
Customer Service,2598
Teamwork,2598
Leadership,2599
Communication,2599
Organization Skills,2599
Teamwork,2599
Time Management,2599
Public Speaking,2599
Communication,2600
Customer Service,2600
Teamwork,2600
Presentation Skills,2600
Time Management,2601
Problem Solving,2602
Leadership,2602
Teamwork,2602
Leadership,2603
Teamwork,2604
Time Management,2605
Management,2606
Leadership,2606
Public Speaking,2606
Customer Service,2606
Teamwork,2606
Customer Support,2607
Cold Calling,2608
,2609
Leadership,2610
Public Speaking,2610
Presentations,2610
,2611
,2612
Customer Service,2613
Time Management,2613
Public Speaking,2613
Teamwork,2613
Management,2613
Leadership,2613
Client Relations,2613
Communication,2613
Customer Service,2614
Leadership,2614
Leadership,2615
,2616
,2617
,2618
,2619
,2620
,2621
,2622
